﻿{
  "$schema": "http://schema.management.azure.com/schemas/2015-01-01/deploymentTemplate.json#",
  "contentVersion": "1.0.0.0",
  "parameters": {
    "deploymentContext": {
      "type": "object",
      "defaultValue": {
        "parentTemplateUniqueString": "bbLB"
      }
    },
    "loadBalancerSettings": {
      "type": "object",
      "metadata": {
        "description": "Settings for infrastructure"
      }
    },
    "virtualMachinesSettings": {
      "type": "object",
      "metadata": {
        "description": "Settings for virtual machines"
      }
    },
    "virtualNetworkSettings": {
      "type": "object",
      "metadata": {
        "description": "Settings for virtual network"
      }
    },
    "buildingBlockSettings": {
      "type": "object",
      "metadata": {
        "description": "Settings for building block"
      }
    }
  },
  "variables": {
    "templateUniqueString": "[uniqueString(concat(string(parameters('deploymentContext')), string(parameters('loadBalancerSettings')), string(parameters('virtualMachinesSettings')), string(parameters('virtualNetworkSettings')), string(parameters('buildingBlockSettings'))))]",
    "location": "[resourceGroup().location]",
    "lbName": "[parameters('loadBalancerSettings').name]",
    "loadBalancerTemplate": "[uri(deployment().properties.templateLink.uri, '../../resources/Microsoft.Network/loadBalancer/loadBalancer.json')]",
    "multiVMTemplate": "[uri(deployment().properties.templateLink.uri, '../multi-vm-n-nic-m-storage/azuredeploy.json')]",
    "backendPoolNicTemplate": "[uri(deployment().properties.templateLink.uri, '../../resources/Microsoft.Network/loadBalancer/lb-add-backendPool-nics.json')]",
    "vmDeploymentName": "[concat(parameters('deploymentContext').parentTemplateUniqueString, '-deployVMs-', variables('templateUniqueString'))]",
    "lbDeploymentName": "[concat(parameters('deploymentContext').parentTemplateUniqueString, '-deployLB-', variables('templateUniqueString'))]",
    "updateNicDeploymentName": "[concat(parameters('deploymentContext').parentTemplateUniqueString, '-addNicsToLbBep-', variables('templateUniqueString'))]"
  },
  "resources": [
    {
      "type": "Microsoft.Resources/deployments",
      "apiVersion": "2015-01-01",
      "name": "[variables('vmDeploymentName')]",
      "properties": {
        "mode": "Incremental",
        "templateLink": { "uri": "[variables('multiVMTemplate')]" },
        "parameters": {
          "deploymentContext": {
            "value": {
              "parentTemplateUniqueString": "[concat(variables('templateUniqueString'), '-deployVMs')]"
            }
          },
          "virtualMachinesSettings": { "value": "[parameters('virtualMachinesSettings')]" },
          "virtualNetworkSettings": { "value": "[parameters('virtualNetworkSettings')]" },
          "buildingBlockSettings": { "value": "[parameters('buildingBlockSettings')]" }
        }
      }
    },
    {
      "type": "Microsoft.Resources/deployments",
      "apiVersion": "2015-01-01",
      "name": "[variables('lbDeploymentName')]",
      "properties": {
        "mode": "Incremental",
        "templateLink": { "uri": "[variables('loadBalancerTemplate')]" },
        "parameters": {
          "deploymentContext": {
            "value": {
              "parentTemplateUniqueString": "[concat(variables('templateUniqueString'), '-deployLB')]"
            }
          },
          "loadBalancerSettings": { "value": "[parameters('loadBalancerSettings')]" },
          "virtualNetworkSettings": { "value": "[parameters('virtualNetworkSettings')]" },
          "buildingBlockSettings": { "value": "[parameters('buildingBlockSettings')]" }
        }
      }
    },
    {
      "type": "Microsoft.Resources/deployments",
      "apiVersion": "2015-01-01",
      "name": "[variables('updateNicDeploymentName')]",
      "dependsOn": [
        "[variables('vmDeploymentName')]",
        "[variables('lbDeploymentName')]"
      ],
      "properties": {
        "mode": "Incremental",
        "templateLink": { "uri": "[variables('backendPoolNicTemplate')]" },
        "parameters": {
          "deploymentContext": {
            "value": {
              "parentTemplateUniqueString": "[concat(variables('templateUniqueString'), '-addNicsToLbBep')]"
            }
          },
          "virtualMachinesSettings": { "value": "[parameters('virtualMachinesSettings')]" },
          "vnetName": { "value": "[parameters('virtualNetworkSettings').name]" },
          "vmStartIndex": { "value": "[parameters('buildingBlockSettings').vmStartIndex]" },
          "vmCount": { "value": "[parameters('buildingBlockSettings').vmCount]" },
          "loadBalancerSettings": { "value": "[parameters('loadBalancerSettings')]" }
        }
      }
    }
  ],
  "outputs": {
    "resources": {
      "type": "array",
      "value": "[concat(reference(variables('vmDeploymentName')).outputResources, reference(variables('lbDeploymentName')).outputResources)]"
    }
  }
}
