﻿{
  "$schema": "http://schema.management.azure.com/schemas/2015-01-01/deploymentTemplate.json#",
  "contentVersion": "1.0.0.0",
  "parameters": {
    "deploymentContext": { "type": "object" },
    "name": { "type": "string" },
    "location": { "type": "string" },
    "iteration": { "type": "int" },
    "skuName": { "type": "string" }
  },
  "variables": {
  },
  "resources": [
    {
      "type": "Microsoft.Storage/storageAccounts",
      "apiVersion": "2016-01-01",
      "location": "[parameters('location')]",
      "name": "[concat(parameters('name'), add(parameters('iteration'), 1))]",
      "kind": "Storage",
      "sku": {
        "name": "[parameters('skuName')]"
      }
    }
  ]
}
