﻿{
  "$schema": "http://schema.management.azure.com/schemas/2015-01-01/deploymentTemplate.json#",
  "contentVersion": "1.0.0.0",
  "parameters": {
    "deploymentContext": { "type": "object" },
    "name": { "type": "string" },
    "location": { "type": "string" },
    "storageAccountsCount": { "type": "int" },
    "skuName": { "type": "string" }
  },
  "variables": {
    "templateUniqueString": "[uniqueString(concat(string(parameters('deploymentContext')), parameters('name'), parameters('location'), parameters('storageAccountsCount'), parameters('skuName')))]",
    "storageTemplate": "[uri(deployment().properties.templateLink.uri, 'storageAccount.json')]"
  },
  "resources": [
    {
      "type": "Microsoft.Resources/deployments",
      "apiVersion": "2015-01-01",
      "name": "[concat(parameters('deploymentContext').parentTemplateUniqueString, '-account', copyIndex(), '-', variables('templateUniqueString'))]",
      "copy": {
        "name": "iterator",
        "count": "[parameters('storageAccountsCount')]"
      },
      "properties": {
        "mode": "Incremental",
        "templateLink": {
          "uri": "[variables('storageTemplate')]"
        },
        "parameters": {
          "deploymentContext": {
            "value": {
              "parentTemplateUniqueString": "[concat(variables('templateUniqueString'), '-account', copyIndex())]"
            }
          },
          "name": { "value": "[parameters('name')]" },
          "location": { "value": "[parameters('location')]" },
          "iteration": { "value": "[copyIndex()]" },
          "skuName": { "value": "[parameters('skuName')]" }
        }
      }
    }
  ]
}
