﻿{
  "$schema": "http://schema.management.azure.com/schemas/2015-01-01/deploymentTemplate.json#",
  "contentVersion": "1.0.0.0",
  "parameters": {
    "deploymentContext": {
      "type": "object",
      "defaultValue": {
        "parentTemplateUniqueString": ""
      }
    },
    "source": { "type": "object" },
    "context": { "type": "object" },
    "state": {
      "type": "array",
      "defaultValue": [ ]
    },
    "iteration": {
      "type": "int",
      "defaultValue": 0
    }
  },
  "variables": {
    "instance": [
      {
        "name": "[parameters('source').name]",
        "properties": {
          "direction": "[parameters('source').direction]",
          "priority": "[parameters('source').priority]",
          "sourceAddressPrefix": "[parameters('source').sourceAddressPrefix]",
          "destinationAddressPrefix": "[parameters('source').destinationAddressPrefix]",
          "sourcePortRange": "[parameters('source').sourcePortRange]",
          "destinationPortRange": "[parameters('source').destinationPortRange]",
          "access": "[parameters('source').access]",
          "protocol": "[parameters('source').protocol]"
        }
      }
    ]
  },
  "resources": [],
  "outputs": {
    "collection": {
      "type": "array",
      "value": "[concat(parameters('state'), variables('instance'))]"
    }
  }
}
