﻿{
  "$schema": "http://schema.management.azure.com/schemas/2015-01-01/deploymentTemplate.json#",
  "contentVersion": "1.0.0.0",
  "parameters": {
    "deploymentContext": {
      "type": "object",
      "defaultValue": {
        "parentTemplateUniqueString": ""
      }
    },
    "virtualNetworkSettings": {
      "type": "object"
    },
    "networkSecurityGroupSettings": {
      "type": "object"
    }
  },
  "variables": {
    "templateUniqueString": "[uniqueString(concat(string(parameters('deploymentContext')), string(parameters('virtualNetworkSettings')), string(parameters('networkSecurityGroupSettings'))))]",
    "networkInterfaces": "[parameters('networkSecurityGroupSettings').networkInterfaces]",
    "referenceTemplate": "[uri(deployment().properties.templateLink.uri, '../../common/reference.json')]",
    "networkSecurityGroupName": "[parameters('networkSecurityGroupSettings').name]"
  },
  "resources": [
    {
      "type": "Microsoft.Resources/deployments",
      "apiVersion": "2015-01-01",
      "name": "[concat(parameters('deploymentContext').parentTemplateUniqueString, '-nicRef', copyIndex(), '-', variables('templateUniqueString'))]",
      "copy": {
        "name": "nic-reference-iterator",
        "count": "[length(variables('networkInterfaces'))]"
      },
      "properties": {
        "mode": "Incremental",
        "templateLink": {
          "uri": "[variables('referenceTemplate')]"
        },
        "parameters": {
          "deploymentContext": {
            "value": {
              "parentTemplateUniqueString": "[concat(variables('templateUniqueString') , '-nicRef', copyIndex())]"
            }
          },
          "resourceType": {
            "value": "Microsoft.Network/networkInterfaces"
          },
          "resourceName1": {
            "value": "[variables('networkInterfaces')[copyIndex()]]"
          }
        }
      }
    },
    {
      "type": "Microsoft.Resources/deployments",
      "apiVersion": "2015-01-01",
      "name": "[concat(parameters('deploymentContext').parentTemplateUniqueString, '-updateNic0-', variables('templateUniqueString'))]",
      "properties": {
        "mode": "Incremental",
        "parameters": { },
        "template": {
          "$schema": "http://schema.management.azure.com/schemas/2015-01-01/deploymentTemplate.json#",
          "contentVersion": "1.0.0.0",
          "parameters": { },
          "variables": { },
          "resources": [ ],
          "outputs": { }
        }
      }
    },
    {
      "type": "Microsoft.Resources/deployments",
      "apiVersion": "2015-01-01",
      "name": "[concat(parameters('deploymentContext').parentTemplateUniqueString, '-updateNic', copyindex(1), '-', variables('templateUniqueString'))]",
      "dependsOn": [
        "[concat(parameters('deploymentContext').parentTemplateUniqueString, '-updateNic', copyindex(), '-', variables('templateUniqueString'))]"
      ],
      "copy": {
        "name": "nic-iterator",
        "count": "[length(variables('networkInterfaces'))]"
      },
      "properties": {
        "mode": "Incremental",
        "template": {
          "$schema": "http://schema.management.azure.com/schemas/2015-01-01/deploymentTemplate.json#",
          "contentVersion": "1.0.0.0",
          "parameters": {
          },
          "variables": {
          },
          "resources": [
            {
              "type": "Microsoft.Network/networkInterfaces",
              "apiVersion": "2016-03-30",
              "name": "[variables('networkInterfaces')[copyIndex()]]",
              "location": "[resourceGroup().location]",
              "properties": {
                "ipConfigurations": "[reference(concat(parameters('deploymentContext').parentTemplateUniqueString, '-nicRef', copyIndex(), '-', variables('templateUniqueString'))).outputs.reference.value.properties.ipConfigurations]",
                "dnsSettings": "[reference(concat(parameters('deploymentContext').parentTemplateUniqueString, '-nicRef', copyIndex(), '-', variables('templateUniqueString'))).outputs.reference.value.properties.dnsSettings]",
                "enableIPForwarding": "[reference(concat(parameters('deploymentContext').parentTemplateUniqueString, '-nicRef', copyIndex(), '-', variables('templateUniqueString'))).outputs.reference.value.properties.enableIPForwarding]",
                "networksecurityGroup": {
                  "id": "[resourceId('Microsoft.Network/networkSecurityGroups', variables('networkSecurityGroupName'))]"
                }
              }
            }
          ],
          "outputs": {
          }
        },
        "parameters": {
        }
      }
    }
  ],
  "outputs": {
  }
}
