﻿{
  "$schema": "http://schema.management.azure.com/schemas/2015-01-01/deploymentTemplate.json#",
  "contentVersion": "1.0.0.0",
  "parameters": {
    "deploymentContext": {
      "type": "object",
      "defaultValue": {
        "parentTemplateUniqueString": "nsgs"
      }
    },
    "virtualNetworkSettings": {
      "type": "object"
    },
    "networkSecurityGroupsSettings": {
      "type": "array"
    }
  },
  "variables": {
    "templateUniqueString": "[uniqueString(concat(string(parameters('deploymentContext')), string(parameters('virtualNetworkSettings')), string(parameters('networkSecurityGroupsSettings'))))]"
  },
  "resources": [
    {
      "type": "Microsoft.Resources/deployments",
      "apiVersion": "2015-01-01",
      "name": "[concat(parameters('deploymentContext').parentTemplateUniqueString, '-nsg', copyIndex(), '-', variables('templateUniqueString'))]",
      "copy": {
        "name": "iterator",
        "count": "[length(parameters('networkSecurityGroupsSettings'))]"
      },
      "properties": {
        "mode": "Incremental",
        "templateLink": {
          "uri": "[uri(deployment().properties.templateLink.uri, 'networkSecurityGroup.json')]"
        },
        "parameters": {
          "deploymentContext": {
            "value": {
              "parentTemplateUniqueString": "[concat(variables('templateUniqueString'), '-nsg', copyIndex())]"
            }
          },
          "virtualNetworkSettings": {
            "value": "[parameters('virtualNetworkSettings')]"
          },
          "networkSecurityGroupSettings": {
            "value": "[parameters('networkSecurityGroupsSettings')[copyIndex()]]"
          }
        }
      }
    }
  ],
  "outputs": {
  }
}
