﻿{
  "$schema": "http://schema.management.azure.com/schemas/2015-01-01/deploymentTemplate.json#",
  "contentVersion": "1.0.0.0",
  "parameters": {
    "deploymentContext": { "type": "object" },
    "virtualMachinesSettings": { "type": "object" },
    "vnetName": { "type": "string" },
    "vmStartIndex": { "type": "int" },
    "vmCount": { "type": "int" },
    "loadBalancerSettings": { "type": "object" }
  },
  "variables": {
    "templateUniqueString": "[uniqueString(concat(string(parameters('deploymentContext')), string(parameters('virtualMachinesSettings')), parameters('vnetName'), parameters('vmStartIndex'), parameters('vmCount'), string(parameters('loadBalancerSettings'))))]",
    "collectorTemplate": "[uri(deployment().properties.templateLink.uri, '../../common/collector.json')]",
    "replicatorTemplate": "[uri(deployment().properties.templateLink.uri, '../../common/replicator.json')]",
    "updateNicsTemplate": "[uri(deployment().properties.templateLink.uri, 'lb-update-nics.json')]",

    "emptyNicArrayTemplate": "[concat(parameters('deploymentContext').parentTemplateUniqueString, '-emptyNicArray-', variables('templateUniqueString'))]",
    "emptyVMNicArrayTemplate": "[concat(parameters('deploymentContext').parentTemplateUniqueString, '-emptyVMNicArray-', variables('templateUniqueString'))]",
    "expandedNatRulesArrayTemplate": "[concat(parameters('deploymentContext').parentTemplateUniqueString, '-natRulesArray-', variables('templateUniqueString'))]",

    "nicBepArrayTemplate": "[concat(parameters('deploymentContext').parentTemplateUniqueString, '-nicBepArray-', variables('templateUniqueString'))]"
  },
  "resources": [
    {
      "type": "Microsoft.Resources/deployments",
      "apiVersion": "2015-01-01",
      "name": "[variables('emptyNicArrayTemplate')]",
      "properties": {
        "mode": "Incremental",
        "templateLink": { "uri": "[variables('replicatorTemplate')]" },
        "parameters": {
          "deploymentContext": {
            "value": {
              "parentTemplateUniqueString": "[concat(variables('templateUniqueString') , '-emptyNicArray')]"
            }
          },
          "source": { "value": { } },
          "context": { "value": { } },
          "copies": { "value": "[length(parameters('virtualMachinesSettings').nics)]" },
          "mapperTemplateUri": { "value": "[uri(deployment().properties.templateLink.uri, 'lb-empty-nic-array-helper.json')]" }
        }
      }
    },
    {
      "type": "Microsoft.Resources/deployments",
      "apiVersion": "2015-01-01",
      "name": "[variables('nicBepArrayTemplate')]",
      "properties": {
        "mode": "Incremental",
        "templateLink": { "uri": "[variables('collectorTemplate')]" },
        "parameters": {
          "deploymentContext": {
            "value": {
              "parentTemplateUniqueString": "[concat(variables('templateUniqueString') , '-nicBepArray')]"
            }
          },
          "source": { "value": "[parameters('loadBalancerSettings').backendPools]" },
          "context": {
            "value": {
              "loadBalancerName": "[parameters('loadBalancerSettings').name]"
            }
          },
          "state": { "value": "[reference(variables('emptyNicArrayTemplate')).outputs.result.value]" },
          "mapperTemplateUri": { "value": "[uri(deployment().properties.templateLink.uri, 'lb-nic-backendPools-array-helper.json')]" }
        }
      }
    },
    {
      "type": "Microsoft.Resources/deployments",
      "apiVersion": "2015-01-01",
      "name": "[variables('emptyVMNicArrayTemplate')]",
      "properties": {
        "mode": "Incremental",
        "templateLink": { "uri": "[variables('replicatorTemplate')]" },
        "parameters": {
          "deploymentContext": {
            "value": {
              "parentTemplateUniqueString": "[concat(variables('templateUniqueString') , '-emptyVMNicArray')]"
            }
          },
          "source": { "value": { } },
          "context": { "value": { } },
          "copies": { "value": "[mul(length(parameters('virtualMachinesSettings').nics), parameters('vmCount'))]" },
          "mapperTemplateUri": { "value": "[uri(deployment().properties.templateLink.uri, 'lb-empty-nic-array-helper.json')]" }
        }
      }
    },
    {
      "type": "Microsoft.Resources/deployments",
      "apiVersion": "2015-01-01",
      "name": "[variables('expandedNatRulesArrayTemplate')]",
      "properties": {
        "mode": "Incremental",
        "templateLink": { "uri": "[variables('collectorTemplate')]" },
        "parameters": {
          "deploymentContext": {
            "value": {
              "parentTemplateUniqueString": "[concat(variables('templateUniqueString') , '-natRulesArray')]"
            }
          },
          "source": { "value": "[parameters('loadBalancerSettings').inboundNatRules]" },
          "context": {
            "value": {
              "loadBalancerName": "[parameters('loadBalancerSettings').name]",
              "vmCount": "[parameters('vmCount')]",
              "nicCount": "[length(parameters('virtualMachinesSettings').nics)]",
              "vmStartIndex": "[parameters('vmStartIndex')]"
            }
          },
          "state": { "value": "[reference(variables('emptyVMNicArrayTemplate')).outputs.result.value]" },
          "mapperTemplateUri": { "value": "[uri(deployment().properties.templateLink.uri, 'lb-nic-natRuleArray-helper.json')]" }
        }
      }
    },
    {
      "type": "Microsoft.Resources/deployments",
      "apiVersion": "2015-01-01",
      "name": "[concat(parameters('deploymentContext').parentTemplateUniqueString, '-updateVM', copyindex(), '-', variables('templateUniqueString'))]",
      "copy": {
        "name": "VMCount",
        "count": "[parameters('vmCount')]"
      },
      "properties": {
        "mode": "Incremental",
        "templateLink": { "uri": "[variables('updateNicsTemplate')]" },
        "parameters": {
          "deploymentContext": {
            "value": {
              "parentTemplateUniqueString": "[concat(variables('templateUniqueString') , '-updateVM', copyindex())]"
            }
          },
          "virtualMachinesSettings": { "value": "[parameters('virtualMachinesSettings')]" },
          "vmStartIndex": { "value": "[parameters('vmStartIndex')]" },
          "vmCount": { "value": "[parameters('vmCount')]" },
          "loadBalancerBackendAddressPools": { "value": "[reference(variables('nicBepArrayTemplate')).outputs.result.value]" },
          "loadBalancerNatRules": { "value": "[reference(variables('expandedNatRulesArrayTemplate')).outputs.result.value]" },
          "vmIndex": { "value": "[add(copyindex(), parameters('vmStartIndex'))]" },
          "vnetName": { "value": "[parameters('vnetName')]" }
        }
      }
    }
  ],
  "outputs": {
    "result": {
      "type": "array",
      "value": "[reference(variables('nicBepArrayTemplate')).outputs.result.value]"
    }
  }
}
