﻿{
  "$schema": "http://schema.management.azure.com/schemas/2015-01-01/deploymentTemplate.json#",
  "contentVersion": "1.0.0.0",
  "parameters": {
    "deploymentContext": { "type": "object" },
    "source": { "type": "object" },
    "context": { "type": "object" },
    "state": {
      "type": "array",
      "defaultValue": [ ]
    },
    "iteration": {
      "type": "int",
      "defaultValue": 0
    }
  },
  "variables": {
    "frontendIPConfiguration": "[resourceId('Microsoft.Network/loadBalancers/frontendIPConfigurations', parameters('context').loadBalancerName, parameters('source').frontendIPConfigurationName)]",
   },
  "resources": [
  ],
  "outputs": {
    "instance": {
      "type": "array",
      "value": [
        {
          "name": "[concat(parameters('source').namePrefix, '-vm', add(parameters('source').vmIndex, parameters('context').buildingBlockSettings.vmStartIndex))]",
          "properties": {
            "frontendIPConfiguration": { "id": "[variables('frontendIPConfiguration')]" },
            "frontendPort": "[parameters('source').frontendPort]",
            "backendPort": "[parameters('source').backendPort]",
            "protocol": "[parameters('source').protocol]",
            "enableFloatingIP": false,
            "idleTimeoutInMinutes": 4
          }
        }
      ]
    }
  }
}
