﻿{
  "$schema": "http://schema.management.azure.com/schemas/2015-01-01/deploymentTemplate.json#",
  "contentVersion": "1.0.0.0",
  "parameters": {
    "deploymentContext": { "type": "object" },
    "source": { "type": "object" },
    "context": { "type": "object" },
    "state": {
      "type": "array",
      "defaultValue": [ ]
    },
    "iteration": {
      "type": "int",
      "defaultValue": 0
    }
  },
  "variables": {
    "templateUniqueString": "[uniqueString(concat(string(parameters('deploymentContext')), string(parameters('source')), string(parameters('context')), string(parameters('state')), parameters('iteration')))]",

    "frontendIPConfiguration": "[resourceId('Microsoft.Network/loadBalancers/frontendIPConfigurations', parameters('context').loadBalancerName, parameters('source').frontendIPConfigurationName)]",
    "replicatorTemplate": "[uri(deployment().properties.templateLink.uri, '../../common/replicator.json')]",
    "deploymentName": "[concat(parameters('deploymentContext').parentTemplateUniqueString, '-natRuleAll-', variables('templateUniqueString'))]"

  },
  "resources": [
    {
      "type": "Microsoft.Resources/deployments",
      "apiVersion": "2015-01-01",
      "name": "[variables('deploymentName')]",
      "properties": {
        "mode": "Incremental",
        "templateLink": { "uri": "[variables('replicatorTemplate')]" },
        "parameters": {
          "deploymentContext": {
            "value": {
              "parentTemplateUniqueString": "[concat(variables('templateUniqueString'), '-natRuleAll')]"
            }
          },
          "source": { "value": "[parameters('source')]" },
          "context": { "value": "[parameters('context')]" },
          "state": { "value": [ ] },
          "copies": { "value": "[parameters('context').buildingBlockSettings.vmCount]" },
          "mapperTemplateUri": { "value": "[uri(deployment().properties.templateLink.uri, 'lb-inboundNatRules-all-settings.json')]" }
        }
      }
    }
  ],
  "outputs": {
    "instance": {
      "type": "array",
      "value": "[reference(variables('deploymentName')).outputs.result.value]"
    }
  }
}
