﻿{
  "$schema": "http://schema.management.azure.com/schemas/2015-01-01/deploymentTemplate.json#",
  "contentVersion": "1.0.0.0",
  "parameters": {
    "deploymentContext": { "type": "object" },
    "source": { "type": "object" },
    "context": { "type": "object" },
    "state": {
      "type": "array",
      "defaultValue": [ ]
    },
    "iteration": {
      "type": "int",
      "defaultValue": 0
    }
  },
  "variables": {
    "frontendIPConfiguration": "[resourceId('Microsoft.Network/loadBalancers/frontendIPConfigurations', parameters('context').loadBalancerName, parameters('source').frontendIPConfigurationName)]",
    "instance": [
      {
        "name": "[concat(parameters('source').namePrefix, '-vm', add(parameters('iteration'), parameters('context').buildingBlockSettings.vmStartIndex))]",
        "properties": {
          "frontendIPConfiguration": { "id": "[variables('frontendIPConfiguration')]" },
          "frontendPort": "[add(parameters('source').startingFrontendPort, parameters('iteration'))]",
          "backendPort": "[parameters('source').backendPort]",
          "protocol": "[parameters('source').protocol]",
          "enableFloatingIP": false,
          "idleTimeoutInMinutes": 4
        }
      }
    ]
  },
  "resources": [
  ],
  "outputs": {
    "collection": {
      "type": "array",
      "value": "[concat(parameters('state'), variables('instance'))]"
    }
  }
}
