﻿{
  "$schema": "http://schema.management.azure.com/schemas/2015-01-01/deploymentTemplate.json#",
  "contentVersion": "1.0.0.0",
  "parameters": {
    "deploymentContext": { "type": "object" },
    "source": { "type": "object" },
    "context": { "type": "object" },
    "state": {
      "type": "array",
      "defaultValue": [ ]
    },
    "iteration": {
      "type": "int",
      "defaultValue": 0
    }
  },
  "variables": {
    "frontendIPConfiguration": "[resourceId('Microsoft.Network/loadBalancers/frontendIPConfigurations', parameters('context').loadBalancerName, parameters('source').frontendIPConfigurationName)]",
    "backendAddressPoolId": "[resourceId('Microsoft.Network/loadBalancers/backendAddressPools', parameters('context').loadBalancerName, parameters('source').backendPoolName)]",
    "probeId": "[resourceId('Microsoft.Network/loadBalancers/probes', parameters('context').loadBalancerName, parameters('source').probeName)]",
    "instance": [
      {
        "name": "[parameters('source').name]",
        "properties": {
          "frontendIPConfiguration": {
            "id": "[variables('frontendIPConfiguration')]"
          },
          "backendAddressPool": {
            "id": "[variables('backendAddressPoolId')]"
          },
          "frontendPort": "[parameters('source').frontendPort]",
          "backendPort": "[parameters('source').backendPort]",
          "protocol": "[parameters('source').protocol]",
          "enableFloatingIP": "[parameters('source').enableFloatingIP]",
          "probe": {
            "id": "[variables('probeId')]"
          }
        }
      }
    ]

  },
  "resources": [

  ],
  "outputs": {
    "collection": {
      "type": "array",
      "value": "[concat(parameters('state'), variables('instance'))]"
    }
  }
}
