﻿{
  "$schema": "http://schema.management.azure.com/schemas/2015-01-01/deploymentTemplate.json#",
  "contentVersion": "1.0.0.0",
  "parameters": {
    "deploymentContext": { "type": "object" },
    "source": { "type": "object" },
    "context": { "type": "object" },
    "state": {
      "type": "array",
      "defaultValue": [ ]
    },
    "iteration": {
      "type": "int",
      "defaultValue": 0
    }
  },
  "variables": {
    "templateUniqueString": "[uniqueString(concat(string(parameters('deploymentContext')), string(parameters('source')), string(parameters('context')), string(parameters('state')), parameters('iteration')))]",

    "updateNatRulesArrayUri": "[uri(deployment().properties.templateLink.uri, 'lb-nic-natRuleArray-update.json')]"

  },
  "resources": [
    {
      "type": "Microsoft.Resources/deployments",
      "apiVersion": "2015-01-01",
      "name": "[concat(parameters('deploymentContext').parentTemplateUniqueString, '-nics0-', variables('templateUniqueString'))]",
      "properties": {
        "mode": "Incremental",
        "parameters": { },
        "template": {
          "$schema": "http://schema.management.azure.com/schemas/2015-01-01/deploymentTemplate.json#",
          "contentVersion": "1.0.0.0",
          "parameters": { },
          "variables": { },
          "resources": [ ],
          "outputs": {
            "collection": {
              "type": "array",
              "value": "[parameters('state')]"
            }
          }
        }
      }
    },
    {
      "type": "Microsoft.Resources/deployments",
      "apiVersion": "2015-01-01",
      "name": "[concat(parameters('deploymentContext').parentTemplateUniqueString, '-nics', copyindex(1), '-', variables('templateUniqueString'))]",
      "dependsOn": [
        "[concat('Microsoft.Resources/deployments/', parameters('deploymentContext').parentTemplateUniqueString, '-nics', copyindex(), '-', variables('templateUniqueString'))]"
      ],
      "copy": {
        "name": "iterator",
        "count": "[parameters('context').vmCount]"
      },
      "properties": {
        "mode": "Incremental",
        "templateLink": { "uri": "[variables('updateNatRulesArrayUri')]" },
        "parameters": {
          "deploymentContext": {
            "value": {
              "parentTemplateUniqueString": "[concat(variables('templateUniqueString') , '-nics', copyindex(1))]"
            }
          },
          "source": {
            "value": {
              "namePrefix": "[parameters('source').namePrefix]",
              "frontendIPConfigurationName": "[parameters('source').frontendIPConfigurationName]",
              "startingFrontendPort": "[parameters('source').startingFrontendPort]",
              "backendPort": "[parameters('source').backendPort]",
              "natRuleType": "[parameters('source').natRuleType]",
              "protocol": "[parameters('source').protocol]",
              "vmIndex": "[copyindex()]",
              "nicIndex": "[parameters('source').nicIndex]"
            }
          },
          "context": { "value": "[parameters('context')]" },
          "state": { "value": "[reference(concat(parameters('deploymentContext').parentTemplateUniqueString, '-nics', copyindex(), '-', variables('templateUniqueString'))).outputs.collection.value]" },
          "iteration": { "value": "[parameters('iteration')]" }
        }
      }
    }
  ],
  "outputs": {
    "collection": {
      "type": "array",
      "value": "[reference(concat(parameters('deploymentContext').parentTemplateUniqueString, '-nics', parameters('context').vmCount, '-', variables('templateUniqueString'))).outputs.collection.value]"
    }
  }
}
