﻿{
  "$schema": "http://schema.management.azure.com/schemas/2015-01-01/deploymentTemplate.json#",
  "contentVersion": "1.0.0.0",
  "parameters": {
    "deploymentContext": { "type": "object" },
    "source": { "type": "object" },
    "context": { "type": "object" },
    "state": {
      "type": "array",
      "defaultValue": [ ]
    },
    "iteration": {
      "type": "int",
      "defaultValue": 0
    }
  },
  "variables": {
    "nicBackendPools": "[parameters('state')[parameters('source').nicIndex]]",
    "backendPoolId": [
      {
        "id": "[resourceId('Microsoft.Network/loadBalancers/backendAddressPools', parameters('context').loadBalancerName, parameters('source').name)]"
      }
    ],
    "updatedBackendPools": [
      "[concat(variables('nicBackendPools'), variables('backendPoolId'))]"
    ]
  },
  "resources": [

  ],
  "outputs": {
    "collection": {
      "type": "array",
      "value": "[concat(take(parameters('state'), parameters('source').nicIndex), variables('updatedBackendPools'), skip(parameters('state'), add(parameters('source').nicIndex, 1)))]"
    }
  }
}
