﻿{
  "$schema": "http://schema.management.azure.com/schemas/2015-01-01/deploymentTemplate.json#",
  "contentVersion": "1.0.0.0",
  "parameters": {
    "deploymentContext": { "type": "object" },
    "source": { "type": "object" },
    "context": { "type": "object" },
    "state": {
      "type": "array",
      "defaultValue": [ ]
    },
    "iteration": {
      "type": "int",
      "defaultValue": 0
    }
  },
  "variables": {
    "deployedVMIndex": "[add(parameters('source').vmIndex, parameters('context').vmStartIndex)]",
    "itemsToSkip": "[add(mul(parameters('source').vmIndex, parameters('context').nicCount), parameters('source').nicIndex)]",

    "nicNatRules": "[parameters('state')[variables('itemsToSkip')]]",

    "natRuleId": [
      {
        "id": "[resourceId('Microsoft.Network/loadBalancers/inboundNatRules', parameters('context').loadBalancerName, concat(parameters('source').namePrefix, '-vm', variables('deployedVMIndex')))]"
      }
    ],
    "updatedNicNatRules": [ "[concat(variables('nicNatRules'), variables('natRuleId'))]" ]
  },
  "resources": [

  ],
  "outputs": {
    "collection": {
      "type": "array",
      "value": "[concat(take(parameters('state'), variables('itemsToSkip')), variables('updatedNicNatRules'), skip(parameters('state'), add(variables('itemsToSkip'), 1)))]"
    }
  }
}
