﻿{
  "$schema": "http://schema.management.azure.com/schemas/2015-01-01/deploymentTemplate.json#",
  "contentVersion": "1.0.0.0",
  "parameters": {
    "deploymentContext": { "type": "object" },
    "source": { "type": "object" },
    "context": { "type": "object" },
    "state": {
      "type": "array",
      "defaultValue": [ ]
    },
    "iteration": {
      "type": "int",
      "defaultValue": 0
    }
  },
  "variables": {
    "location": "[resourceGroup().location]",
    "instance": [
      {
        "name": "[parameters('source').name]",
        "properties": {
          "port": "[parameters('source').port]",
          "protocol": "[parameters('source').protocol]",
          "requestPath": "[parameters('source').requestPath]",
          "intervalInSeconds": 15,
          "numberOfProbes": 2
        }
      }
    ]

  },
  "resources": [

  ],
  "outputs": {
    "collection": {
      "type": "array",
      "value": "[concat(parameters('state'), variables('instance'))]"
    }
  }
}
