﻿{
  "$schema": "http://schema.management.azure.com/schemas/2015-01-01/deploymentTemplate.json#",
  "contentVersion": "1.0.0.0",
  "parameters": {
    "deploymentContext": {
      "type": "object",
      "defaultValue": {
        "parentTemplateUniqueString": "bbUDR"
      }
    },
    "virtualNetworkSettings": {
      "type": "object",
      "metadata": {
        "description": "Settings for virtual networks"
      }
    },
    "routeTableSettings": {
      "type": "array",
      "metadata": {
        "description": "Settings for UDRs"
      }
    }
  },
  "variables": {
    "templateUniqueString": "[uniqueString(concat(string(parameters('deploymentContext')), string(parameters('routeTableSettings'))))]",
    "udrTemplate": "[uri(deployment().properties.templateLink.uri, '../../resources/Microsoft.Network/routeTables/routeTables.json')]",
    "deploymentTemplateName": "[concat(parameters('deploymentContext').parentTemplateUniqueString, '-deployUDRs-', variables('templateUniqueString'))]"
  },
  "resources": [
    {
      "type": "Microsoft.Resources/deployments",
      "apiVersion": "2015-01-01",
      "name": "[variables('deploymentTemplateName')]",
      "properties": {
        "mode": "Incremental",
        "templateLink": {
          "uri": "[variables('udrTemplate')]"
        },
        "parameters": {
          "deploymentContext": {
            "value": {
              "parentTemplateUniqueString": "[concat(variables('templateUniqueString'), '-deployUDRs')]"
            }
          },
          "routeTableSettings": {
            "value": "[parameters('routeTableSettings')]"
          },
          "virtualNetworkSettings": {
            "value": "[parameters('virtualNetworkSettings')]"
          }
        }
      }
    }
  ],
  "outputs": {
    "resources": {
      "type": "array",
      "value": "[reference(variables('deploymentTemplateName')).outputResources]"
    }
  }
}
