﻿{
  "$schema": "http://schema.management.azure.com/schemas/2015-01-01/deploymentParameters.json#",
  "contentVersion": "1.0.0.0",
  "parameters": {
    "loadBalancerSettings": {
      "value": {
        "name": "bb-dev-web-lb",
        "frontendIPConfigurations": [
          {
            "name": "lbfe1",
            "loadBalancerType": "internal",
            "domainNameLabel": "",
            "internalLoadBalancerSettings": {
              "privateIPAddress": "10.0.0.254",
              "subnetName": "web"
            }
          }
        ],
        "loadBalancingRules": [
          {
            "name": "lbr1",
            "frontendPort": 80,
            "backendPort": 80,
            "protocol": "Tcp",
            "backendPoolName": "lb-bep1",
            "frontendIPConfigurationName": "lbfe1",
            "enableFloatingIP": false,
            "probeName": "lbp1"
          },
          {
            "name": "lbr2",
            "frontendPort": 443,
            "backendPort": 443,
            "protocol": "Tcp",
            "backendPoolName": "lb-bep2",
            "frontendIPConfigurationName": "lbfe1",
            "probeName": "lbp2"
          }
        ],
        "probes": [
          {
            "name": "lbp1",
            "port": 80,
            "protocol": "Http",
            "requestPath": "/"
          },
          {
            "name": "lbp2",
            "port": 443,
            "protocol": "Http",
            "requestPath": "/"
          }
        ],
        "backendPools": [
          {
            "name": "lb-bep1",
            "nicIndex": 0
          },
          {
            "name": "lb-bep2",
            "nicIndex": 0
          },
          {
            "name": "lb-bep3",
            "nicIndex": 0
          }
        ],
        "inboundNatRules": [
          {
            "namePrefix": "nat1",
            "frontendIPConfigurationName": "lbfe1",
            "startingFrontendPort": 50001,
            "backendPort": 3389,
            "natRuleType": "All",
            "protocol": "Tcp",
            "nicIndex": 0
          },
          {
            "namePrefix": "nat2",
            "frontendIPConfigurationName": "lbfe1",
            "frontendPort": 9042,
            "backendPort": 9042,
            "natRuleType": "Single",
            "protocol": "Tcp",
            "vmIndex": 1,
            "nicIndex": 0
          },
          {
            "namePrefix": "nat3",
            "frontendIPConfigurationName": "lbfe1",
            "frontendPort": 25,
            "natRuleType": "FloatingIp",
            "protocol": "Tcp",
            "vmIndex": 2,
            "nicIndex": 0
          }
        ]
      }
    },
    "virtualMachinesSettings": {
      "value": {
        "namePrefix": "bb-dev-web",
        "computerNamePrefix": "bb-dev-web",
        "size": "Standard_DS4_v2",
        "osType": "windows",
        "adminUsername": "testuser",
        "adminPassword": "AweS0me@PW",
        "osAuthenticationType": "password",
        "nics": [
          {
            "isPublic": "true",
            "subnetName": "web",
            "privateIPAllocationMethod": "Static",
            "publicIPAllocationMethod": "Dynamic",
            "startingIPAddress": "10.0.0.21",
            "enableIPForwarding": true,
            "domainNameLabelPrefix": "",
            "dnsServers": [
            ],
            "isPrimary": "true"
          },
          {
            "isPublic": "false",
            "subnetName": "biz",
            "privateIPAllocationMethod": "Dynamic",
            "enableIPForwarding": false,
            "domainNameLabelPrefix": "",
            "dnsServers": [
            ],
            "isPrimary": "false"
          }
        ],
        "imageReference": {
          "publisher": "MicrosoftWindowsServer",
          "offer": "WindowsServer",
          "sku": "2012-R2-Datacenter",
          "version": "latest"
        },
        "dataDisks": {
          "count": 1,
          "properties": {
            "diskSizeGB": 127,
            "caching": "None",
            "createOption": "Empty"
          }
        },
        "osDisk": {
          "caching": "ReadWrite"
        },
        "extensions": [ ],
        "availabilitySet": {
          "useExistingAvailabilitySet": "No",
          "name": "bb-dev-lb-as"
        }
      },
      "metadata": {
        "description": "Settings for Virtual Machines"
      }
    },
    "virtualNetworkSettings": {
      "value": {
        "name": "bb-dev-vnet",
        "resourceGroup": "bb-dev-rg"
      },
      "metadata": {
        "description": "Infrastructure Settings"
      }
    },
    "buildingBlockSettings": {
      "value": {
        "storageAccountsCount": 2,
        "vmCount": 2,
        "vmStartIndex": 1
      },
      "metadata": {
        "description": "Settings specific to the building block"
      }
    }
  }
}
