﻿{
  "$schema": "http://schema.management.azure.com/schemas/2015-01-01/deploymentParameters.json#",
  "contentVersion": "1.0.0.0",
  "parameters": {
    "virtualMachinesExtensionSettings": {
      "value": [
        {
          "vms": [ "bb-dev-web-vm1", "bb-dev-web-vm2", "bb-dev-web-vm3" ],
          "extensions": [
            {
              "name": "IaaSAntimalware",
              "publisher": "Microsoft.Azure.Security",
              "type": "IaaSAntimalware",
              "typeHandlerVersion": "1.3",
              "autoUpgradeMinorVersion": true,
              "settingsConfigMapperUri": "https://raw.githubusercontent.com/mspnp/template-building-blocks/master/templates/resources/Microsoft.Compute/virtualMachines/extensions/vm-extension-passthrough-settings-mapper.json",
              "settingsConfig": {
                "AntimalwareEnabled": true,
                "RealtimeProtectionEnabled": "false",
                "ScheduledScanSettings": {
                  "isEnabled": "false",
                  "day": "7",
                  "time": "120",
                  "scanType": "Quick"
                },
                "Exclusions": {
                  "Extensions": ".gif"
                }
              },
              "protectedSettingsConfig": { }
            },
            {
              "name": "malware",
              "publisher": "Symantec",
              "type": "SymantecEndpointProtection",
              "typeHandlerVersion": "12.1",
              "autoUpgradeMinorVersion": true,
              "settingsConfigMapperUri": "https://raw.githubusercontent.com/mspnp/template-building-blocks/master/templates/resources/Microsoft.Compute/virtualMachines/extensions/vm-extension-passthrough-settings-mapper.json",
              "settingsConfig": {
              },
              "protectedSettingsConfig": { }
            }
          ]
        }
      ]
    }
  }
}

