﻿{
  "$schema": "http://schema.management.azure.com/schemas/2015-01-01/deploymentTemplate.json#",
  "contentVersion": "1.0.0.0",
  "parameters": {
    "deploymentContext": { "type": "object" },
    "context": { "type": "object" }
  },
  "variables": {
    "instance": {
      "storageAccountsCount": "[parameters('context').vmCount]",
      "vmCount": "[parameters('context').vmCount]",
      "vmStartIndex": 1
    }
  },
  "resources": [

  ],
  "outputs": {
    "result": {
      "type": "object",
      "value": "[variables('instance')]"
    }
  }
}
