﻿{
  "$schema": "http://schema.management.azure.com/schemas/2015-01-01/deploymentTemplate.json#",
  "contentVersion": "1.0.0.0",
  "parameters": {
    "deploymentContext": { "type": "object" },
    "source": { "type": "object" },
    "context": { "type": "object" },
    "state": {
      "type": "array",
      "defaultValue": [ ]
    },
    "iteration": {
      "type": "int",
      "defaultValue": 0
    }
  },
  "variables": {
    "instance": [
      {
        "name": "[concat('nva-rule', parameters('iteration'))]",
        "frontendPort": "[parameters('source').port]",
        "backendPort": "[parameters('source').port]",
        "protocol": "[parameters('source').protocol]",
        "backendPoolName": "nva-lb-Bep",
        "frontendIPConfigurationName": "nva-lb-fe",
        "probeName": "[parameters('source').healthProbe]",
        "enableFloatingIP": false
      }
    ]

  },
  "resources": [

  ],
  "outputs": {
    "collection": {
      "type": "array",
      "value": "[concat(parameters('state'), variables('instance'))]"
    }
  }
}
