﻿{
  "$schema": "http://schema.management.azure.com/schemas/2015-01-01/deploymentTemplate.json#",
  "contentVersion": "1.0.0.0",
  "parameters": {
    "deploymentContext": { "type": "object" },
    "source": { "type": "string" },
    "context": { "type": "object" },
    "state": {
      "type": "array",
      "defaultValue": [ ]
    },
    "iteration": {
      "type": "int",
      "defaultValue": 0
    }
  },
  "variables": {
    "instance": [
      {
        "name": "[concat('nva-route', parameters('iteration'))]",
        "addressPrefix": "[parameters('source')]",
        "nextHopType": "VirtualAppliance",
        "nextHopIpAddress": "[parameters('context').loadBalancerIPAddress]"
      }
    ]

  },
  "resources": [

  ],
  "outputs": {
    "collection": {
      "type": "array",
      "value": "[concat(parameters('state'), variables('instance'))]"
    }
  }
}
