﻿{
  "$schema": "http://schema.management.azure.com/schemas/2015-01-01/deploymentTemplate.json#",
  "contentVersion": "1.0.0.0",
  "parameters": {
    "deploymentContext": {
      "type": "object",
      "defaultValue": {
        "parentTemplateUniqueString": "bbNSG"
      }
    },
    "virtualNetworkSettings": {
      "type": "object"
    },
    "networkSecurityGroupsSettings": {
      "type": "array",
      "metadata": {
        "description": "Settings for network security groups"
      }
    }
  },
  "variables": {
    "templateUniqueString": "[uniqueString(concat(string(parameters('deploymentContext')), string(parameters('networkSecurityGroupsSettings'))))]",
    "nsgTemplate": "[uri(deployment().properties.templateLink.uri, '../../resources/Microsoft.Network/networkSecurityGroups/networkSecurityGroups.json')]",
    "deploymentTemplateName": "[concat(parameters('deploymentContext').parentTemplateUniqueString, '-deployNSGs-', variables('templateUniqueString'))]"
  },
  "resources": [
    {
      "type": "Microsoft.Resources/deployments",
      "apiVersion": "2015-01-01",
      "name": "[variables('deploymentTemplateName')]",
      "properties": {
        "mode": "Incremental",
        "templateLink": {
          "uri": "[variables('nsgTemplate')]"
        },
        "parameters": {
          "deploymentContext": {
            "value": {
              "parentTemplateUniqueString": "[concat(variables('templateUniqueString'), '-deployNSGs')]"
            }
          },
          "virtualNetworkSettings": {
            "value": "[parameters('virtualNetworkSettings')]"
          },
          "networkSecurityGroupsSettings": {
            "value": "[parameters('networkSecurityGroupsSettings')]"
          }
        }
      }
    }
  ],
  "outputs": {
    "resources": {
      "type": "array",
      "value": "[reference(variables('deploymentTemplateName')).outputResources]"
    }
  }
}
