﻿{
    "$schema": "http://schema.management.azure.com/schemas/2015-01-01/deploymentParameters.json#",
    "contentVersion": "1.0.0.0",
  "parameters": {
    "virtualNetworkSettings": {
      "value": {
        "name": "bb-dev-vnet",
        "resourceGroup": "bb-dev-rg"
      }
    },
    "routeTableSettings": {
      "value": [
        {
          "name": "bb-dev-web-biz-rt",
          "subnets": [
            "web",
            "biz"
          ],
          "routes": [
            {
              "name": "toData",
              "addressPrefix": "10.0.3.0/24",
              "nextHopType": "VirtualAppliance",
              "nextHopIpAddress": "10.0.255.224"
            }
          ]
        },
        {
          "name": "bb-dev-data-rt",
          "subnets": [
            "data"
          ],
          "routes": [
            {
              "name": "toWeb",
              "addressPrefix": "10.0.0.0/24",
              "nextHopType": "VirtualAppliance",
              "nextHopIpAddress": "10.0.255.224"
            },
            {
              "name": "toBiz",
              "addressPrefix": "10.0.1.0/24",
              "nextHopType": "VirtualAppliance",
              "nextHopIpAddress": "10.0.255.224"
            }
          ]
        }
      ]
    }
  }
}
