﻿{
  "$schema": "http://schema.management.azure.com/schemas/2015-01-01/deploymentTemplate.json#",
  "contentVersion": "1.0.0.0",
  "parameters": {
    "connectionSettings": {
      "type": "object"
    }
  },
  "variables": {
  },
  "resources": [
  ],
  "outputs": {
    "properties": {
      "type": "object",
      "value": {
        "connectionType": "Vnet2Vnet",
        "routingWeight": 10,
        "sharedKey": "[parameters('connectionSettings').sharedKey]",
        "virtualNetworkGateway1": {
          "id": "[resourceId(parameters('connectionSettings').virtualNetworkGateway1.resourceGroup, 'Microsoft.Network/virtualNetworkGateways', parameters('connectionSettings').virtualNetworkGateway1.name)]"
        },
        "virtualNetworkGateway2": {
          "id": "[resourceId(parameters('connectionSettings').virtualNetworkGateway2.resourceGroup, 'Microsoft.Network/virtualNetworkGateways', parameters('connectionSettings').virtualNetworkGateway2.name)]"
        }
      }
    }
  }
}
