﻿{
  "$schema": "http://schema.management.azure.com/schemas/2015-01-01/deploymentParameters.json#",
  "contentVersion": "1.0.0.0",
  "parameters": {
    "virtualMachinesSettings": {
      "value": {
        "namePrefix": "bb-dev",
        "computerNamePrefix": "bb-dev",
        "size": "Standard_DS2_v2",
        "osType": "linux",
        "adminUsername": "testuser",
        "adminPassword": "AweS0me@PW",
        "osAuthenticationType": "password",
        "nics": [
          {
            "isPublic": "false",
            "subnetName": "data",
            "privateIPAllocationMethod": "Static",
            "startingIPAddress": "10.0.3.101",
            "enableIPForwarding": false,
            "domainNameLabelPrefix": "",
            "dnsServers": [
            ],
            "isPrimary": "true"
          }
        ],
        "imageReference": {
          "publisher": "Canonical",
          "offer": "UbuntuServer",
          "sku": "14.04.5-LTS",
          "version": "latest"
        },
        "dataDisks": {
          "count": 0,
          "properties": {}
        },
        "osDisk": {
          "caching": "ReadWrite"
        },
        "extensions": [ ],
        "availabilitySet": {
          "useExistingAvailabilitySet": "No",
          "name": "bb-dev-linux-as"
        }
      }
    },
    "virtualNetworkSettings": {
      "value": {
        "name": "bb-dev-vnet",
        "resourceGroup": "bb-dev-rg"
      }
    },
    "buildingBlockSettings": {
      "value": {
        "storageAccountsCount": 3,
        "vmCount": 3,
        "vmStartIndex": 1
      }
    }
  }
}
