﻿{
  "$schema": "http://schema.management.azure.com/schemas/2015-01-01/deploymentTemplate.json#",
  "contentVersion": "1.0.0.0",
  "parameters": {
    "virtualMachineSettings": {
      "type": "object"
    },
    "extensionSettings": {
      "type": "object",
      "defaultValue": {
        "arguments": ""
      }
    }
  },
  "variables": {
    "extensionName": "extension-jmeter-2.8",
    "templateName": "[concat(parameters('virtualMachineSettings').name, '-', variables('extensionName'))]",
    "templateUri": "[uri(deployment().properties.templateLink.uri, '../../extension-custom-script-for-linux.json')]",
    "extensionSettings": {
      "fileUris": [
        "[uri(deployment().properties.templateLink.uri, 'install-jmeter-2.8.sh')]"
      ],
      "commandToExecute": "[concat('bash install-jmeter-2.8.sh ', parameters('extensionSettings').arguments)]"
    }
  },
  "resources": [
    {
      "type": "Microsoft.Resources/deployments",
      "apiVersion": "2015-01-01",
      "name": "[variables('templateName')]",
      "properties": {
        "mode": "Incremental",
        "templateLink": { "uri": "[variables('templateUri')]" },
        "parameters": {
          "settings": {
            "value": "[variables('extensionSettings')]"
          }
        }
      }
    }
  ],
  "outputs": {
    "properties": {
      "type": "object",
      "value": "[reference(variables('templateName')).outputs.properties.value]"
    }
  }
}
