﻿{
  "$schema": "http://schema.management.azure.com/schemas/2015-01-01/deploymentParameters.json#",
  "contentVersion": "1.0.0.0",
  "parameters": {
    "virtualNetworkSettings": {
      "value": {
        "name": "bb-dev-vnet",
        "resourceGroup": "bb-dev-rg"
      }
    },
    "networkSecurityGroupsSettings": {
      "value": [
        {
          "name": "bb-dev-web-nsg",
          "subnets": [
            "web",
            "biz"
          ],
          "networkInterfaces": [ ],
          "securityRules": [
            {
              "name": "RDPAllow",
              "direction": "Inbound",
              "priority": 100,
              "sourceAddressPrefix": "10.0.0.128/25",
              "destinationAddressPrefix": "*",
              "sourcePortRange": "*",
              "destinationPortRange": "3389",
              "access": "Allow",
              "protocol": "Tcp"
            },
            {
              "name": "HTTPAllow",
              "direction": "Inbound",
              "priority": 200,
              "sourceAddressPrefix": "*",
              "destinationAddressPrefix": "*",
              "sourcePortRange": "*",
              "destinationPortRange": "80",
              "access": "Allow",
              "protocol": "Tcp"
            }
          ]
        },
        {
          "name": "bb-dev-data-nsg",
          "subnets": [
            "data"
          ],
          "networkInterfaces": [ ],
          "securityRules": [
            {
              "name": "RDPAllow",
              "direction": "Inbound",
              "priority": 100,
              "sourceAddressPrefix": "10.0.0.128/25",
              "destinationAddressPrefix": "*",
              "sourcePortRange": "*",
              "destinationPortRange": "3389",
              "access": "Allow",
              "protocol": "Tcp"
            },
            {
              "name": "SQLAllow",
              "direction": "Inbound",
              "priority": 200,
              "sourceAddressPrefix": "*",
              "destinationAddressPrefix": "*",
              "sourcePortRange": "*",
              "destinationPortRange": "1433",
              "access": "Allow",
              "protocol": "Tcp"
            }
          ]
        }
      ]
    }
  }
}

