﻿{
  "$schema": "http://schema.management.azure.com/schemas/2015-01-01/deploymentParameters.json#",
  "contentVersion": "1.0.0.0",
  "parameters": {
    "virtualNetworkSettings": {
      "value": {
        "name": "bb-dev-vnet",
        "resourceGroup": "bb-dev-rg"
      }
    },
    "networkSecurityGroupsSettings": {
      "value": [
        {
          "name": "bb-dev-nsg1",
          "subnets": [
            "web"
          ],
          "networkInterfaces": [
            "bb-dev-web1-nic1",
            "bb-dev-web2-nic1"
          ],
          "securityRules": [
            {
              "name": "RDPAllow",
              "direction": "Inbound",
              "priority": 100,
              "sourceAddressPrefix": "*",
              "destinationAddressPrefix": "*",
              "sourcePortRange": "*",
              "destinationPortRange": "3389",
              "access": "Allow",
              "protocol": "Tcp"
            },
            {
              "name": "SSHAllow",
              "direction": "Inbound",
              "priority": 200,
              "sourceAddressPrefix": "*",
              "destinationAddressPrefix": "*",
              "sourcePortRange": "*",
              "destinationPortRange": "22",
              "access": "Allow",
              "protocol": "Tcp"
            }
          ]
        },
        {
          "name": "bb-dev-nsg2",
          "subnets": [
            "biz",
            "data"
          ],
          "networkInterfaces": [
            "bb-dev-web1-nic2",
            "bb-dev-web1-nic3"
          ],
          "securityRules": [
            {
              "name": "RDPAllow",
              "direction": "Inbound",
              "priority": 100,
              "sourceAddressPrefix": "*",
              "destinationAddressPrefix": "*",
              "sourcePortRange": "*",
              "destinationPortRange": "3389",
              "access": "Allow",
              "protocol": "Tcp"
            },
            {
              "name": "SSHAllow",
              "direction": "Inbound",
              "priority": 200,
              "sourceAddressPrefix": "*",
              "destinationAddressPrefix": "*",
              "sourcePortRange": "*",
              "destinationPortRange": "22",
              "access": "Allow",
              "protocol": "Tcp"
            }
          ]
        }
      ]
    }
  }
}

