﻿{
  "$schema": "http://schema.management.azure.com/schemas/2015-01-01/deploymentTemplate.json#",
  "contentVersion": "1.0.0.0",
  "parameters": {
    "deploymentContext": {
      "type": "object"
    },
    "virtualMachinesExtensionSettings": {
      "type": "object",
      "metadata": {
        "description": "Settings for virtual machine extensions"
      }
    }
  },
  "variables": {
    "templateUniqueString": "[uniqueString(concat(string(parameters('deploymentContext')), string(parameters('virtualMachinesExtensionSettings'))))]",
    "extTemplate": "[uri(deployment().properties.templateLink.uri, 'virtualMachine-extensions.json')]"
  },
  "resources": [
    {
      "type": "Microsoft.Resources/deployments",
      "apiVersion": "2015-01-01",
      "name": "[concat(parameters('deploymentContext').parentTemplateUniqueString, '-ExtsOnVM', copyIndex(), '-', variables('templateUniqueString'))]",
      "copy": {
        "name": "VMIterator",
        "count": "[length(parameters('virtualMachinesExtensionSettings').vms)]"
      },
      "properties": {
        "mode": "Incremental",
        "templateLink": {
          "uri": "[variables('extTemplate')]"
        },
        "parameters": {
          "deploymentContext": {
            "value": {
              "parentTemplateUniqueString": "[concat(variables('templateUniqueString'), '-ExtsOnVM', copyIndex())]"
            }
          },
          "source": { "value": "[parameters('virtualMachinesExtensionSettings').extensions]" },
          "context": {
            "value": {
              "vmName": "[parameters('virtualMachinesExtensionSettings').vms[copyIndex()]]"
            }
          }
        }
      }
    }
  ],
  "outputs": {
  }
}
