﻿{
  "$schema": "http://schema.management.azure.com/schemas/2015-01-01/deploymentTemplate.json#",
  "contentVersion": "1.0.0.0",
  "parameters": {
    "deploymentContext": { "type": "object" },
    "source": { "type": "array" },
    "context": { "type": "object" }
  },
  "variables": {
  },
  "resources": [
    {
      "type": "Microsoft.Compute/virtualMachines/extensions",
      "name": "[concat(parameters('context').vmName,'/', parameters('source')[0].name)]",
      "apiVersion": "2015-06-15",
      "location": "[resourceGroup().location]",
      "properties": "[parameters('source')[0].properties]"
    },
    {
      "type": "Microsoft.Compute/virtualMachines/extensions",
      "name": "[concat(parameters('context').vmName,'/', parameters('source')[copyIndex(1)].name)]",
      "apiVersion": "2015-06-15",
      "location": "[resourceGroup().location]",
      "dependsOn": [
        "[concat('Microsoft.Compute/virtualMachines/', parameters('context').vmName,'/extensions/', parameters('source')[copyIndex()].name)]"
      ],
      "copy": {
        "name": "extensionsIterator",
        "count": "[sub(length(parameters('source')), 1)]"
      },
      "properties": "[parameters('source')[copyIndex(1)].properties]"
    }
  ],
  "outputs": {
  }
}
