﻿{
  "$schema": "http://schema.management.azure.com/schemas/2015-01-01/deploymentTemplate.json#",
  "contentVersion": "1.0.0.0",
  "parameters": {
    "deploymentContext": { "type": "object" },
    "source": { "type": "object" },
    "context": { "type": "object" },
    "state": {
      "type": "array",
      "defaultValue": [ ]
    },
    "iteration": {
      "type": "int",
      "defaultValue": 0
    }
  },
  "variables": {
    "templateUniqueString": "[uniqueString(concat(string(parameters('deploymentContext')), string(parameters('source')), string(parameters('context')), string(parameters('state')), parameters('iteration')))]",
    "location": "[resourceGroup().location]",
    "settingsDeploymentName": "[concat(parameters('deploymentContext').parentTemplateUniqueString, '-setting', parameters('iteration'), '-', variables('templateUniqueString'))]"
  },
  "resources": [
    {
      "type": "Microsoft.Resources/deployments",
      "apiVersion": "2015-01-01",
      "name": "[variables('settingsDeploymentName')]",
      "properties": {
        "mode": "Incremental",
        "templateLink": { "uri": "[parameters('source').settingsConfigMapperUri]" },
        "parameters": {
          "deploymentContext": {
            "value": {
              "parentTemplateUniqueString": "[concat(variables('templateUniqueString'), '-setting', parameters('iteration'))]"
            }
          },
          "source": { "value": "[parameters('source')]" },
          "context": { "value": "[parameters('context')]" }
        }
      }
    }
  ],
  "outputs": {
    "instance": {
      "type": "array",
      "value": [
        {
          "name": "[parameters('source').name]",
          "type": "Microsoft.Compute/virtualMachines/extensions",
          "location": "[variables('location')]",
          "properties": {
            "publisher": "[parameters('source').publisher]",
            "type": "[parameters('source').type]",
            "typeHandlerVersion": "[parameters('source').typeHandlerVersion]",
            "autoUpgradeMinorVersion": "[parameters('source').autoUpgradeMinorVersion]",
            "protectedSettings": "[reference(variables('settingsDeploymentName')).outputs.settings.value.protectedSettings]",
            "settings": "[reference(variables('settingsDeploymentName')).outputs.settings.value.settings]"
          }
        }
      ]
    }
  }
}
