﻿{
  "$schema": "http://schema.management.azure.com/schemas/2015-01-01/deploymentTemplate.json#",
  "contentVersion": "1.0.0.0",
  "parameters": {
    "deploymentContext": { "type": "object" },
    "source": { "type": "object" },
    "context": { "type": "object" },
    "state": {
      "type": "array",
      "defaultValue": [ ]
    },
    "iteration": {
      "type": "int",
      "defaultValue": 0
    }
  },
  "variables": {
    "templateUniqueString": "[uniqueString(concat(string(parameters('deploymentContext')), string(parameters('source')), string(parameters('context')), string(parameters('state')), parameters('iteration')))]",
    "location": "[resourceGroup().location]",
    "deploymentName": "[concat(parameters('deploymentContext').parentTemplateUniqueString, '-extSetting', parameters('iteration'), '-', variables('templateUniqueString'))]",
    "templateUri": "[uri(deployment().properties.templateLink.uri, 'vm-extension-settings-helper.json')]"
  },
  "resources": [
    {
      "type": "Microsoft.Resources/deployments",
      "apiVersion": "2015-01-01",
      "name": "[variables('deploymentName')]",
      "properties": {
        "mode": "Incremental",
        "templateLink": { "uri": "[variables('templateUri')]" },
        "parameters": {
          "deploymentContext": {
            "value": {
              "parentTemplateUniqueString": "[concat(variables('templateUniqueString'), '-extSetting', parameters('iteration'))]"
            }
          },
          "source": { "value": "[parameters('source')]" },
          "context": { "value": "[parameters('context')]" },
          "iteration": { "value": "[parameters('iteration')]" }
        }
      }
    }

  ],
  "outputs": {
    "collection": {
      "type": "array",
      "value": "[concat(parameters('state'), reference(variables('deploymentName')).outputs.instance.value)]"
    }
  }
}
