﻿{
  "$schema": "http://schema.management.azure.com/schemas/2015-01-01/deploymentTemplate.json#",
  "contentVersion": "1.0.0.0",
  "parameters": {
    "deploymentContext": {
      "type": "object",
      "defaultValue": {
        "parentTemplateUniqueString": "nVM"
      }
    },
    "virtualMachinesSettings": {
      "type": "object",
      "metadata": {
        "description": "Settings for virtual machines"
      }
    },
    "virtualNetworkSettings": {
      "type": "object",
      "metadata": {
        "description": "Settings for virtual network"
      }
    },
    "context": {
      "type": "object",
      "metadata": {
        "description": "Settings for other parameters such as load balancer backend pool, storage account names."
      }
    }
  },
  "variables": {
    "templateUniqueString": "[uniqueString(concat(string(parameters('deploymentContext')), string(parameters('virtualMachinesSettings')), string(parameters('virtualNetworkSettings')), string(parameters('context'))))]",
    "replicatorTemplate": "[uri(deployment().properties.templateLink.uri, '../../common/replicator.json')]",
    "singleVMTemplate": "[uri(deployment().properties.templateLink.uri, 'single-vm-n-nic.json')]",
    "vmSettingsDeploymentName": "[concat(parameters('deploymentContext').parentTemplateUniqueString, '-vmSettings-', variables('templateUniqueString'))]",
  },
  "resources": [
    {
      "type": "Microsoft.Resources/deployments",
      "apiVersion": "2015-01-01",
      "name": "[variables('vmSettingsDeploymentName')]",
      "properties": {
        "mode": "Incremental",
        "templateLink": { "uri": "[variables('replicatorTemplate')]" },
        "parameters": {
          "deploymentContext": {
            "value": {
              "parentTemplateUniqueString": "[concat(variables('templateUniqueString'), '-vmSettings')]"
            }
          },
          "source": { "value": "[parameters('virtualMachinesSettings')]" },
          "context": {
            "value": {
                "vnetName": "[parameters('virtualNetworkSettings').name]",
                "vnetResourceGroup": "[parameters('virtualNetworkSettings').resourceGroup]",
                "vmNamePrefix": "[parameters('virtualMachinesSettings').namePrefix]",
                "vmNamePostFixStartIndex": "[add(parameters('context').vmStartIndex, parameters('context').deployedVMCount)]",
                "deployedVMCount": "[parameters('context').deployedVMCount]",
                "storageAccounts": {
                  "diagnostic": "[parameters('context').storageAccounts.diagnostic]",
                  "vhd": "[parameters('context').storageAccounts.vhd]"
              },
              "availabilitySetName": "[parameters('context').availabilitySetName]"
            }
          },
          "mapperTemplateUri": { "value": "[uri(deployment().properties.templateLink.uri, 'virtualMachines-settings.json')]" },
          "copies": { "value": "[parameters('context').vmCount]" }
        }
      }
    },
    {
      "type": "Microsoft.Resources/deployments",
      "name": "[concat(parameters('deploymentContext').parentTemplateUniqueString, '-deployVM', add(add(parameters('context').vmStartIndex, parameters('context').deployedVMCount), copyindex()), '-', variables('templateUniqueString'))]",
      "apiVersion": "2015-01-01",
      "copy": {
        "name": "vmCount",
        "count": "[parameters('context').vmCount]"
      },
      "properties": {
        "mode": "Incremental",
        "templateLink": {
          "uri": "[variables('singleVMTemplate')]",
          "contentVersion": "1.0.0.0"
        },
        "parameters": {
          "deploymentContext": {
            "value": {
              "parentTemplateUniqueString": "[concat(variables('templateUniqueString'), '-deployVM', add(add(parameters('context').vmStartIndex, parameters('context').deployedVMCount), copyindex()))]"
            }
          },
          "virtualMachinesSetting": {
            "value": "[reference(variables('vmSettingsDeploymentName')).outputs.result.value[copyindex()]]"
          }
        }
      }
    }

  ],
  "outputs": {
    "vmsettings": {
      "type": "array",
      "value": "[reference(variables('vmSettingsDeploymentName')).outputs.result.value]"
    }
  }
}
