﻿{
  "$schema": "http://schema.management.azure.com/schemas/2015-01-01/deploymentTemplate.json#",
  "contentVersion": "1.0.0.0",
  "parameters": {
    "deploymentContext": {
      "type": "object",
      "defaultValue": {
        "parentTemplateUniqueString": "bbVM"
      }
    },
    "virtualMachinesSettings": {
      "type": "object",
      "metadata": {
        "description": "Settings for virtual machines"
      }
    },
    "virtualNetworkSettings": {
      "type": "object",
      "metadata": {
        "description": "Settings for virtual network"
      }
    },
    "buildingBlockSettings": {
      "type": "object",
      "metadata": {
        "description": "Settings for building block"
      }
    },
    "context": {
      "type": "object",
      "metadata": {
        "description": "Settings for other parameters such as load balancer backend pool, storage account names."
      }
    }
  },
  "variables": {
    "location": "[resourceGroup().location]",
    "templateUniqueString": "[uniqueString(concat(string(parameters('deploymentContext')), string(parameters('virtualMachinesSettings')), string(parameters('virtualNetworkSettings')), string(parameters('buildingBlockSettings')), string(parameters('context')), resourceGroup().id))]",
    "nVirtualMachinesTemplate": "[uri(deployment().properties.templateLink.uri, 'n-vm-n-nic.json')]",
    "replicatorTemplate": "[uri(deployment().properties.templateLink.uri, '../../common/replicator.json')]",
    "vmIndexPerStorageDeploymentName": "[concat(parameters('deploymentContext').parentTemplateUniqueString, '-vmIndexPerStorage-', variables('templateUniqueString'))]",
  },
  "resources": [
    {
      "type": "Microsoft.Resources/deployments",
      "apiVersion": "2015-01-01",
      "name": "[variables('vmIndexPerStorageDeploymentName')]",
      "properties": {
        "mode": "Incremental",
        "templateLink": { "uri": "[variables('replicatorTemplate')]" },
        "parameters": {
          "deploymentContext": {
            "value": {
              "parentTemplateUniqueString": "[concat(variables('templateUniqueString'), '-vmIndexPerStorage')]"
            }
          },
          "source": { "value": { } },
          "context": {
            "value": {
              "storageAccountsCount": "[parameters('buildingBlockSettings').storageAccountsCount]",
              "vmCount": "[parameters('buildingBlockSettings').vmCount]"
            }
          },
          "state": {
            "value": [
              {
                "vmCount": 0,
                "index": 0
              }
            ]
          },
          "mapperTemplateUri": { "value": "[uri(deployment().properties.templateLink.uri, 'vm-per-storage-helper.json')]" },
          "copies": { "value": "[parameters('buildingBlockSettings').storageAccountsCount]" }
        }
      }
    },
    {
      "type": "Microsoft.Resources/deployments",
      "apiVersion": "2015-01-01",
      "name": "[concat(parameters('deploymentContext').parentTemplateUniqueString, '-vmsInSt', copyindex(), '-', variables('templateUniqueString'))]",
      "copy": {
        "name": "virtualMachinesSetIterator",
        "count": "[parameters('buildingBlockSettings').storageAccountsCount]"
      },
      "properties": {
        "mode": "Incremental",
        "templateLink": {
          "uri": "[variables('nVirtualMachinesTemplate')]"
        },
        "parameters": {
          "deploymentContext": {
            "value": {
              "parentTemplateUniqueString": "[concat(variables('templateUniqueString'), '-vmsInSt', copyindex())]"
            }
          },
          "virtualMachinesSettings": { "value": "[parameters('virtualMachinesSettings')]" },
          "virtualNetworkSettings": { "value": "[parameters('virtualNetworkSettings')]" },
          "context": {
            "value": {
              "storageAccounts": {
                "diagnostic": "[concat(parameters('context').storageAccounts.diagnostic, 1)]",
                "vhd": "[concat(parameters('context').storageAccounts.vhd, copyIndex(1))]"
              },
              "availabilitySetName": "[parameters('context').availabilitySetName]",
              "vmCount": "[reference(variables('vmIndexPerStorageDeploymentName')).outputs.result.value[copyindex(1)].vmCount]",
              "deployedVMCount": "[reference(variables('vmIndexPerStorageDeploymentName')).outputs.result.value[copyindex(1)].index]",
              "vmStartIndex": "[parameters('buildingBlockSettings').vmStartIndex]",
              "iteration": "[copyindex()]"
            }
          }
        }
      }
    }
  ],
  "outputs": {
  }
}
