﻿{
  "$schema": "http://schema.management.azure.com/schemas/2015-01-01/deploymentTemplate.json#",
  "contentVersion": "1.0.0.0",
  "parameters": {
    "deploymentContext": { "type": "object" },
    "source": { "type": "object" },
    "context": { "type": "object" },
    "state": {
      "type": "array",
      "defaultValue": [ ]
    },
    "iteration": {
      "type": "int",
      "defaultValue": 0
    }
  },
  "variables": {
    "ipAddressArray": "[split(parameters('source').startingIPAddress, '.')]",
    "updatedIPAddressInDecimal": "[add(add(add(mul(int(variables('ipAddressArray')[0]), 16777216), mul(int(variables('ipAddressArray')[1]), 65536)), add(mul(int(variables('ipAddressArray')[2]), 256), mul(int(variables('ipAddressArray')[3]), 1))), parameters('context').vmCount)]",
    "newIPAddress_part1": "[div(variables('updatedIPAddressInDecimal'), 16777216)]",
    "newIPAddress_part2": "[div(mod(variables('updatedIPAddressInDecimal'), 16777216), 65536)]",
    "newIPAddress_part3": "[div(mod(variables('updatedIPAddressInDecimal'), 65536), 256)]",
    "newIPAddress_part4": "[div(mod(variables('updatedIPAddressInDecimal'), 256), 1)]",
    "updatedIPAddressString": "[concat(string(variables('newIPAddress_part1')), '.', string(variables('newIPAddress_part2')), '.', string(variables('newIPAddress_part3')), '.', string(variables('newIPAddress_part4')))]",
    "instance": [
      {
        "name": "[concat(parameters('context').vmName, '-nic', add(parameters('iteration'), 1))]",
        "ipConfigurations": [
          {
            "name": "ipconfig1",
            "properties": {
              "privateIPAllocationMethod": "static",
              "subnet": { "id": "[resourceId(parameters('context').vnetResourceGroup, 'Microsoft.Network/virtualNetworks/subnets', parameters('context').vnetName, parameters('source').subnetName)]" },
              "privateIPAddress": "[variables('updatedIPAddressString')]"
            }
          }
        ],
        "primary": "[parameters('source').isPrimary]",
        "enableIPForwarding": "[parameters('source').enableIPForwarding]",
        "dnsSettings": {
          "dnsServers": "[parameters('source').dnsServers]",
          "appliedDnsServers": "[parameters('source').dnsServers]"
        }
      }
    ]

  },
  "resources": [

  ],
  "outputs": {
    "collection": {
      "type": "array",
      "value": "[variables('instance')]"
    }
  }
}
