﻿{
  "$schema": "http://schema.management.azure.com/schemas/2015-01-01/deploymentTemplate.json#",
  "contentVersion": "1.0.0.0",
  "parameters": {
    "deploymentContext": { "type": "object" },
    "source": { "type": "object" },
    "context": { "type": "object" },
    "state": {
      "type": "array",
      "defaultValue": [ ]
    },
    "iteration": {
      "type": "int",
      "defaultValue": 0
    }
  },
  "variables": {
    "instance": [
      {
        "name": "[concat(parameters('context').vmName, '-nic', add(parameters('iteration') ,1))]",
        "ipConfigurations": [
          {
            "name": "ipconfig1",
            "properties": {
              "privateIPAllocationMethod": "dynamic",
              "subnet": { "id": "[resourceId(parameters('context').vnetResourceGroup, 'Microsoft.Network/virtualNetworks/subnets', parameters('context').vnetName, parameters('source').subnetName)]" }
            }
          }
        ],
        "primary": "[parameters('source').isPrimary]",
        "enableIPForwarding": "[parameters('source').enableIPForwarding]",
        "dnsSettings": {
          "dnsServers": "[parameters('source').dnsServers]",
          "appliedDnsServers": "[parameters('source').dnsServers]"
        }
      }
    ]

  },
  "resources": [

  ],
  "outputs": {
    "collection": {
      "type": "array",
      "value": "[variables('instance')]"
    }
  }
}
