﻿{
  "$schema": "http://schema.management.azure.com/schemas/2015-01-01/deploymentTemplate.json#",
  "contentVersion": "1.0.0.0",
  "parameters": {
    "deploymentContext": { "type": "object" },
    "source": { "type": "object" },
    "context": { "type": "object" },
    "state": {
      "type": "array",
      "defaultValue": [ ]
    },
    "iteration": {
      "type": "int",
      "defaultValue": 0
    }
  },
  "variables": {
    "templateUniqueString": "[uniqueString(concat(string(parameters('deploymentContext')), string(parameters('source')), string(parameters('context')), string(parameters('state')), parameters('iteration')))]",
    "deploymentName": "[concat(parameters('deploymentContext').parentTemplateUniqueString, '-publicDynamic-', variables('templateUniqueString'))]",
    "pipTemplate": "[uri(deployment().properties.templateLink.uri, '../../Microsoft.Network/publicIPAddresses/publicIPAddress.json')]"
  },
  "resources": [
    {
      "type": "Microsoft.Resources/deployments",
      "apiVersion": "2015-01-01",
      "name": "[variables('deploymentName')]",
      "properties": {
        "mode": "Incremental",
        "templateLink": { "uri": "[variables('pipTemplate')]" },
        "parameters": {
          "deploymentContext": {
            "value": {
              "parentTemplateUniqueString": "[concat(variables('templateUniqueString') , '-publicDynamic')]"
            }
          },
          "name": { "value": "[concat(parameters('context').vmName, '-nic', add(parameters('iteration') , 1), '-pip')]" },
          "publicIPAllocationMethod": { "value": "[parameters('source').publicIPAllocationMethod]" },
          "domainNameLabel": { "value": "[parameters('source').domainNameLabelPrefix]" },
          "vmIndex": { "value": "[parameters('context').vmIndex]" }
        }
      }
    }
  ],
  "outputs": {
    "collection": {
      "type": "array",
      "value": [
        {
          "name": "[concat(parameters('context').vmName, '-nic', add(parameters('iteration') ,1))]",
          "ipConfigurations": [
            {
              "name": "ipconfig1",
              "properties": {
                "publicIPAddress": { "id": "[resourceId('Microsoft.Network/publicIPAddresses', concat(parameters('context').vmName, '-nic', add(parameters('iteration') , 1), '-pip'))]" },
                "privateIPAllocationMethod": "dynamic",
                "subnet": { "id": "[resourceId(parameters('context').vnetResourceGroup, 'Microsoft.Network/virtualNetworks/subnets', parameters('context').vnetName, parameters('source').subnetName)]" }
              }
            }
          ],
          "primary": "[parameters('source').isPrimary]",
          "enableIPForwarding": "[parameters('source').enableIPForwarding]",
          "dnsSettings": {
            "dnsServers": "[parameters('source').dnsServers]",
            "appliedDnsServers": "[parameters('source').dnsServers]"
          }
        }
      ]
    }
  }
}
