﻿{
  "$schema": "http://schema.management.azure.com/schemas/2015-01-01/deploymentTemplate.json#",
  "contentVersion": "1.0.0.0",
  "parameters": {
    "deploymentContext": {
      "type": "object"
    },
    "source": {
      "type": "object"
    },
    "context": {
      "type": "object"
    }

  },
  "variables": {
    "metricsresourceid": "[resourceId('Microsoft.Compute/virtualMachines/', parameters('source').vmName)]",
    "metricsclosing": "[concat('<Metrics resourceId=\"', variables('metricsresourceid'), '\"><MetricAggregation scheduledTransferPeriod=\"PT1H\"/><MetricAggregation scheduledTransferPeriod=\"PT1M\"/></Metrics></DiagnosticMonitorConfiguration></WadCfg>')]",
    "metricsstart": "<WadCfg><DiagnosticMonitorConfiguration xmlns=\"http://schemas.microsoft.com/ServiceHosting/2010/10/DiagnosticsConfiguration\" overallQuotaInMB=\"4096\"><DiagnosticInfrastructureLogs scheduledTransferPeriod=\"PT1M\" scheduledTransferLogLevelFilter=\"Warning\"/><WindowsEventLog scheduledTransferPeriod=\"PT1M\"><DataSource name=\"Security!*[System[(Level = 1) or (Level = 2)]]\"/><DataSource name=\"Application!*[System[(Level = 1) or (Level = 2)]]\"/><DataSource name=\"Windows Azure!*[System[(Level = 1) or (Level = 2)]]\"/><DataSource name=\"System!*[System[(Level = 1) or (Level = 2)]]\"/><DataSource name=\"System!*[System[Provider[@Name='Microsoft Antimalware']]]\"/></WindowsEventLog>",
    "metricscounters": "<PerformanceCounters scheduledTransferPeriod=\"PT0S\"><PerformanceCounterConfiguration counterSpecifier=\"\\Processor(_Total)\\% Processor Time\" sampleRate=\"PT15S\" unit=\"Percent\"><annotation displayName=\"CPU percentage guest OS\" locale=\"en-us\"/></PerformanceCounterConfiguration><PerformanceCounterConfiguration counterSpecifier=\"\\Processor(_Total)\\% Interrupt Time\" sampleRate=\"PT15S\" unit=\"Percent\"><annotation displayName=\"CPU interrupt time\" locale=\"en-us\"/></PerformanceCounterConfiguration><PerformanceCounterConfiguration counterSpecifier=\"\\Processor(_Total)\\% Privileged Time\" sampleRate=\"PT15S\" unit=\"Percent\"><annotation displayName=\"CPU privileged time\" locale=\"en-us\"/></PerformanceCounterConfiguration><PerformanceCounterConfiguration counterSpecifier=\"\\Processor Information(_Total)\\Parking Status\" sampleRate=\"PT15S\" unit=\"Count\"><annotation displayName=\"CPU parking status\" locale=\"en-us\"/></PerformanceCounterConfiguration><PerformanceCounterConfiguration counterSpecifier=\"\\Processor(_Total)\\% User Time\" sampleRate=\"PT15S\" unit=\"Percent\"><annotation displayName=\"CPU user time\" locale=\"en-us\"/></PerformanceCounterConfiguration><PerformanceCounterConfiguration counterSpecifier=\"\\Processor Information(_Total)\\% Processor Performance\" sampleRate=\"PT15S\" unit=\"Count\"><annotation displayName=\"Processor percent perf.\" locale=\"en-us\"/></PerformanceCounterConfiguration><PerformanceCounterConfiguration counterSpecifier=\"\\Processor Information(_Total)\\Processor Frequency\" sampleRate=\"PT15S\" unit=\"Count\"><annotation displayName=\"Processor frequency\" locale=\"en-us\"/></PerformanceCounterConfiguration><PerformanceCounterConfiguration counterSpecifier=\"\\System\\Threads\" sampleRate=\"PT15S\" unit=\"Count\"><annotation displayName=\"Threads\" locale=\"en-us\"/></PerformanceCounterConfiguration><PerformanceCounterConfiguration counterSpecifier=\"\\System\\Processes\" sampleRate=\"PT15S\" unit=\"Count\"><annotation displayName=\"Processes\" locale=\"en-us\"/></PerformanceCounterConfiguration><PerformanceCounterConfiguration counterSpecifier=\"\\Thread(_Total)\\Context Switches/sec\" sampleRate=\"PT15S\" unit=\"CountPerSecond\"><annotation displayName=\"Context switches\" locale=\"en-us\"/></PerformanceCounterConfiguration><PerformanceCounterConfiguration counterSpecifier=\"\\Memory\\Committed Bytes\" sampleRate=\"PT15S\" unit=\"Bytes\"><annotation displayName=\"Memory committed\" locale=\"en-us\"/></PerformanceCounterConfiguration><PerformanceCounterConfiguration counterSpecifier=\"\\Memory\\Available Bytes\" sampleRate=\"PT15S\" unit=\"Bytes\"><annotation displayName=\"Memory available\" locale=\"en-us\"/></PerformanceCounterConfiguration><PerformanceCounterConfiguration counterSpecifier=\"\\Memory\\% Committed Bytes In Use\" sampleRate=\"PT15S\" unit=\"Percent\"><annotation displayName=\"Memory percentage\" locale=\"en-us\"/></PerformanceCounterConfiguration><PerformanceCounterConfiguration counterSpecifier=\"\\Memory\\Cache Faults/sec\" sampleRate=\"PT15S\" unit=\"CountPerSecond\"><annotation displayName=\"Cache faults\" locale=\"en-us\"/></PerformanceCounterConfiguration><PerformanceCounterConfiguration counterSpecifier=\"\\Memory\\Page Faults/sec\" sampleRate=\"PT15S\" unit=\"CountPerSecond\"><annotation displayName=\"Page faults\" locale=\"en-us\"/></PerformanceCounterConfiguration><PerformanceCounterConfiguration counterSpecifier=\"\\Memory\\Page Reads/sec\" sampleRate=\"PT15S\" unit=\"CountPerSecond\"><annotation displayName=\"Page reads\" locale=\"en-us\"/></PerformanceCounterConfiguration><PerformanceCounterConfiguration counterSpecifier=\"\\Memory\\Pages/sec\" sampleRate=\"PT15S\" unit=\"CountPerSecond\"><annotation displayName=\"Memory pages\" locale=\"en-us\"/></PerformanceCounterConfiguration><PerformanceCounterConfiguration counterSpecifier=\"\\Memory\\Transition Faults/sec\" sampleRate=\"PT15S\" unit=\"CountPerSecond\"><annotation displayName=\"Transition faults\" locale=\"en-us\"/></PerformanceCounterConfiguration><PerformanceCounterConfiguration counterSpecifier=\"\\Memory\\Pool Paged Bytes\" sampleRate=\"PT15S\" unit=\"Bytes\"><annotation displayName=\"Paged pool\" locale=\"en-us\"/></PerformanceCounterConfiguration><PerformanceCounterConfiguration counterSpecifier=\"\\Memory\\Pool Nonpaged Bytes\" sampleRate=\"PT15S\" unit=\"Bytes\"><annotation displayName=\"Non-paged pool\" locale=\"en-us\"/></PerformanceCounterConfiguration><PerformanceCounterConfiguration counterSpecifier=\"\\Process(_Total)\\% Processor Time\" sampleRate=\"PT15S\" unit=\"Percent\"><annotation displayName=\"Process total time\" locale=\"en-us\"/></PerformanceCounterConfiguration><PerformanceCounterConfiguration counterSpecifier=\"\\Process(_Total)\\Page Faults/sec\" sampleRate=\"PT15S\" unit=\"CountPerSecond\"><annotation displayName=\"Process page faults\" locale=\"en-us\"/></PerformanceCounterConfiguration><PerformanceCounterConfiguration counterSpecifier=\"\\Process(_Total)\\Thread Count\" sampleRate=\"PT15S\" unit=\"Count\"><annotation displayName=\"Process total threads\" locale=\"en-us\"/></PerformanceCounterConfiguration><PerformanceCounterConfiguration counterSpecifier=\"\\Process(_Total)\\Handle Count\" sampleRate=\"PT15S\" unit=\"Count\"><annotation displayName=\"Process total handles\" locale=\"en-us\"/></PerformanceCounterConfiguration><PerformanceCounterConfiguration counterSpecifier=\"\\Process(_Total)\\Private Bytes\" sampleRate=\"PT15S\" unit=\"Bytes\"><annotation displayName=\"Process function bytes\" locale=\"en-us\"/></PerformanceCounterConfiguration><PerformanceCounterConfiguration counterSpecifier=\"\\Process(_Total)\\Working Set\" sampleRate=\"PT15S\" unit=\"Bytes\"><annotation displayName=\"Process working set\" locale=\"en-us\"/></PerformanceCounterConfiguration><PerformanceCounterConfiguration counterSpecifier=\"\\Process(_Total)\\Working Set - Private\" sampleRate=\"PT15S\" unit=\"Bytes\"><annotation displayName=\"Process function working set\" locale=\"en-us\"/></PerformanceCounterConfiguration><PerformanceCounterConfiguration counterSpecifier=\"\\PhysicalDisk(_Total)\\Disk Read Bytes/sec\" sampleRate=\"PT15S\" unit=\"BytesPerSecond\"><annotation displayName=\"Disk read guest OS\" locale=\"en-us\"/></PerformanceCounterConfiguration><PerformanceCounterConfiguration counterSpecifier=\"\\PhysicalDisk(_Total)\\Disk Write Bytes/sec\" sampleRate=\"PT15S\" unit=\"BytesPerSecond\"><annotation displayName=\"Disk write guest OS\" locale=\"en-us\"/></PerformanceCounterConfiguration><PerformanceCounterConfiguration counterSpecifier=\"\\Web Service(_Total)\\Bytes Total/Sec\" sampleRate=\"PT15S\" unit=\"BytesPerSecond\"><annotation displayName=\"Web service bytes\" locale=\"en-us\"/></PerformanceCounterConfiguration><PerformanceCounterConfiguration counterSpecifier=\"\\Web Service(_Total)\\ISAPI Extension Requests/sec\" sampleRate=\"PT15S\" unit=\"CountPerSecond\"><annotation displayName=\"ISAPI extension requests\" locale=\"en-us\"/></PerformanceCounterConfiguration><PerformanceCounterConfiguration counterSpecifier=\"\\Web Service(_Total)\\Connection Attempts/sec\" sampleRate=\"PT15S\" unit=\"CountPerSecond\"><annotation displayName=\"Web connection attempts\" locale=\"en-us\"/></PerformanceCounterConfiguration><PerformanceCounterConfiguration counterSpecifier=\"\\Web Service(_Total)\\Current Connections\" sampleRate=\"PT15S\" unit=\"Count\"><annotation displayName=\"Web current connections\" locale=\"en-us\"/></PerformanceCounterConfiguration><PerformanceCounterConfiguration counterSpecifier=\"\\Web Service(_Total)\\Get Requests/sec\" sampleRate=\"PT15S\" unit=\"CountPerSecond\"><annotation displayName=\"Web get requests\" locale=\"en-us\"/></PerformanceCounterConfiguration><PerformanceCounterConfiguration counterSpecifier=\"\\Web Service(_Total)\\Post Requests/sec\" sampleRate=\"PT15S\" unit=\"CountPerSecond\"><annotation displayName=\"Web post requests\" locale=\"en-us\"/></PerformanceCounterConfiguration><PerformanceCounterConfiguration counterSpecifier=\"\\TCPv4\\Connections Established\" sampleRate=\"PT15S\" unit=\"Count\"><annotation displayName=\"TCP connections established\" locale=\"en-us\"/></PerformanceCounterConfiguration><PerformanceCounterConfiguration counterSpecifier=\"\\TCPv4\\Connection Failures\" sampleRate=\"PT15S\" unit=\"Count\"><annotation displayName=\"TCP connections failed\" locale=\"en-us\"/></PerformanceCounterConfiguration><PerformanceCounterConfiguration counterSpecifier=\"\\TCPv4\\Connections Reset\" sampleRate=\"PT15S\" unit=\"Count\"><annotation displayName=\"TCP connections reset\" locale=\"en-us\"/></PerformanceCounterConfiguration><PerformanceCounterConfiguration counterSpecifier=\"\\TCPv4\\Segments Sent/sec\" sampleRate=\"PT15S\" unit=\"CountPerSecond\"><annotation displayName=\"TCP segments sent\" locale=\"en-us\"/></PerformanceCounterConfiguration><PerformanceCounterConfiguration counterSpecifier=\"\\TCPv4\\Segments Received/sec\" sampleRate=\"PT15S\" unit=\"CountPerSecond\"><annotation displayName=\"TCP segments received\" locale=\"en-us\"/></PerformanceCounterConfiguration><PerformanceCounterConfiguration counterSpecifier=\"\\TCPv4\\Segments Retransmitted/sec\" sampleRate=\"PT15S\" unit=\"CountPerSecond\"><annotation displayName=\"TCP seg. restransmitted\" locale=\"en-us\"/></PerformanceCounterConfiguration><PerformanceCounterConfiguration counterSpecifier=\"\\.NET CLR Jit(_Global_)\\% Time in Jit\" sampleRate=\"PT15S\" unit=\"Percent\"><annotation displayName=\".NET CLR time in jit\" locale=\"en-us\"/></PerformanceCounterConfiguration><PerformanceCounterConfiguration counterSpecifier=\"\\.NET CLR Loading(_Global_)\\% Time Loading\" sampleRate=\"PT15S\" unit=\"Percent\"><annotation displayName=\".NET CLR time loading\" locale=\"en-us\"/></PerformanceCounterConfiguration><PerformanceCounterConfiguration counterSpecifier=\"\\.NET CLR LocksAndThreads(_Global_)\\Current Queue Length\" sampleRate=\"PT15S\" unit=\"Count\"><annotation displayName=\".NET CLR queue length\" locale=\"en-us\"/></PerformanceCounterConfiguration><PerformanceCounterConfiguration counterSpecifier=\"\\.NET CLR LocksAndThreads(_Global_)\\Contention Rate / sec\" sampleRate=\"PT15S\" unit=\"CountPerSecond\"><annotation displayName=\".NET CLR contention rate\" locale=\"en-us\"/></PerformanceCounterConfiguration><PerformanceCounterConfiguration counterSpecifier=\"\\.NET CLR LocksAndThreads(_Global_)\\# of current logical Threads\" sampleRate=\"PT15S\" unit=\"Count\"><annotation displayName=\".NET CLR logical threads\" locale=\"en-us\"/></PerformanceCounterConfiguration><PerformanceCounterConfiguration counterSpecifier=\"\\.NET CLR LocksAndThreads(_Global_)\\# of current physical Threads\" sampleRate=\"PT15S\" unit=\"Count\"><annotation displayName=\".NET CLR phys. threads\" locale=\"en-us\"/></PerformanceCounterConfiguration><PerformanceCounterConfiguration counterSpecifier=\"\\.NET CLR Memory(_Global_)\\% Time in GC\" sampleRate=\"PT15S\" unit=\"Percent\"><annotation displayName=\".NET CLR time in GC\" locale=\"en-us\"/></PerformanceCounterConfiguration><PerformanceCounterConfiguration counterSpecifier=\"\\.NET CLR Memory(_Global_)\\Allocated Bytes/sec\" sampleRate=\"PT15S\" unit=\"BytesPerSecond\"><annotation displayName=\".NET CLR allocated\" locale=\"en-us\"/></PerformanceCounterConfiguration><PerformanceCounterConfiguration counterSpecifier=\"\\.NET CLR Memory(_Global_)\\Gen 0 heap size\" sampleRate=\"PT15S\" unit=\"Bytes\"><annotation displayName=\".NET CLR gen 0 heap size\" locale=\"en-us\"/></PerformanceCounterConfiguration><PerformanceCounterConfiguration counterSpecifier=\"\\.NET CLR Memory(_Global_)\\Gen 1 heap size\" sampleRate=\"PT15S\" unit=\"Bytes\"><annotation displayName=\".NET CLR gen 1 heap size\" locale=\"en-us\"/></PerformanceCounterConfiguration><PerformanceCounterConfiguration counterSpecifier=\"\\.NET CLR Memory(_Global_)\\Gen 2 heap size\" sampleRate=\"PT15S\" unit=\"Bytes\"><annotation displayName=\".NET CLR gen 2 heap size\" locale=\"en-us\"/></PerformanceCounterConfiguration><PerformanceCounterConfiguration counterSpecifier=\"\\.NET CLR Memory(_Global_)\\Large Object Heap size\" sampleRate=\"PT15S\" unit=\"Bytes\"><annotation displayName=\".NET CLR large obj. heap size\" locale=\"en-us\"/></PerformanceCounterConfiguration><PerformanceCounterConfiguration counterSpecifier=\"\\.NET CLR Memory(_Global_)\\# Bytes in all Heaps\" sampleRate=\"PT15S\" unit=\"Bytes\"><annotation displayName=\".NET CLR heap bytes\" locale=\"en-us\"/></PerformanceCounterConfiguration><PerformanceCounterConfiguration counterSpecifier=\"\\.NET CLR Networking(_Global_)\\Connections Established\" sampleRate=\"PT15S\" unit=\"Count\"><annotation displayName=\".NET CLR connections \" locale=\"en-us\"/></PerformanceCounterConfiguration><PerformanceCounterConfiguration counterSpecifier=\"\\.NET CLR Remoting(_Global_)\\Remote Calls/sec\" sampleRate=\"PT15S\" unit=\"CountPerSecond\"><annotation displayName=\".NET CLR remote calls\" locale=\"en-us\"/></PerformanceCounterConfiguration><PerformanceCounterConfiguration counterSpecifier=\"\\.NET CLR Exceptions(_Global_)\\# of Exceps Thrown / sec\" sampleRate=\"PT15S\" unit=\"CountPerSecond\"><annotation displayName=\".NET CLR exception rate\" locale=\"en-us\"/></PerformanceCounterConfiguration><PerformanceCounterConfiguration counterSpecifier=\"\\.NET CLR Interop(_Global_)\\# of marshalling\" sampleRate=\"PT15S\" unit=\"Count\"><annotation displayName=\".NET CLR interop marsh.\" locale=\"en-us\"/></PerformanceCounterConfiguration></PerformanceCounters>",
    "wadcfgx": "[concat(variables('metricsstart'), variables('metricscounters'), variables('metricsclosing'))]"
  },
  "resources": [
    {
      "name": "[concat(parameters('source').vmName,'/Microsoft.Insights.VMDiagnosticsSettings')]",
      "type": "Microsoft.Compute/virtualMachines/extensions",
      "apiVersion": "2015-06-15",
      "location": "[resourceGroup().location]",
      "dependsOn": [
      ],
      "properties": {
        "publisher": "Microsoft.Azure.Diagnostics",
        "type": "IaaSDiagnostics",
        "typeHandlerVersion": "1.5",
        "autoUpgradeMinorVersion": true,
        "settings": {
          "xmlCfg": "[base64(variables('wadcfgx'))]",
          "StorageAccount": "[parameters('source').diagnosticsStorageAccountName]"
        },
        "protectedSettings": {
          "storageAccountName": "[parameters('source').diagnosticsStorageAccountName]",
          "storageAccountKey": "[listKeys(resourceId('Microsoft.Storage/storageAccounts', parameters('source').diagnosticsStorageAccountName),'2015-06-15').key1]",
          "storageAccountEndPoint": "https://core.windows.net/"
        }
      }
    }
  ],
  "outputs": {
  }
}
