﻿{
  "$schema": "http://schema.management.azure.com/schemas/2015-01-01/deploymentTemplate.json#",
  "contentVersion": "1.0.0.0",
  "parameters": {
    "deploymentContext": { "type": "object" },
    "source": {
      "type": "object"
    }
  },
  "variables": {
    "templateUniqueString": "[uniqueString(concat(string(parameters('deploymentContext')), string(parameters('source'))))]",
    "configurationTemplate": {
      "password": "[uri(deployment().properties.templateLink.uri, 'virtualMachine-configuration-settings-linux-password.json')]",
      "ssh": "[uri(deployment().properties.templateLink.uri, 'virtualMachine-configuration-settings-linux-ssh.json')]"
    },
    "configurationTemplateName": "[concat(parameters('deploymentContext').parentTemplateUniqueString, '-', parameters('source').osAuthenticationType, '-', variables('templateUniqueString'))]"
  },
  "resources": [
    {
      "type": "Microsoft.Resources/deployments",
      "apiVersion": "2015-01-01",
      "name": "[variables('configurationTemplateName')]",
      "properties": {
        "mode": "Incremental",
        "templateLink": {
          "uri": "[variables('configurationTemplate')[parameters('source').osAuthenticationType]]"
        },
        "parameters": {
          "source": {
            "value": "[parameters('source')]"
          }
        }
      }
    }
  ],
  "outputs": {
    "result": {
      "type": "object",
      "value": "[reference(variables('configurationTemplateName')).outputs.result.value]"
    }
  }
}
