﻿{
  "$schema": "http://schema.management.azure.com/schemas/2015-01-01/deploymentTemplate.json#",
  "contentVersion": "1.0.0.0",
  "parameters": {
    "deploymentContext": { "type": "object" },
    "source": { "type": "object" },
    "context": { "type": "object" },
    "state": {
      "type": "array",
      "defaultValue": [ ]
    },
    "iteration": {
      "type": "int",
      "defaultValue": 0
    }
  },
  "variables": {
    "templateUniqueString": "[uniqueString(concat(string(parameters('deploymentContext')), string(parameters('source')), string(parameters('context')), string(parameters('state')), parameters('iteration')))]",
    "deploymentName": "[concat(parameters('deploymentContext').parentTemplateUniqueString, '-nic', parameters('iteration'), '-', variables('templateUniqueString'))]"
  },
  "resources": [
    {
      "type": "Microsoft.Resources/deployments",
      "apiVersion": "2015-01-01",
      "name": "[variables('deploymentName')]",
      "properties": {
        "mode": "Incremental",
        "template": {
          "$schema": "http://schema.management.azure.com/schemas/2015-01-01/deploymentTemplate.json#",
          "contentVersion": "1.0.0.0",
          "parameters": { },
          "resources": [
            {
              "apiVersion": "2016-03-30",
              "type": "Microsoft.Network/networkInterfaces",
              "name": "[parameters('source').name]",
              "location": "[resourceGroup().location]",
              "properties": {
                "ipConfigurations": "[parameters('source').ipConfigurations]",
                "enableIPForwarding": "[parameters('source').enableIPForwarding]",
                "dnsSettings": "[parameters('source').dnsSettings]"
              },
              "tags": {
                "displayName": "nic"
              }
            }
          ],
          "outputs": {
            "instance": {
              "type": "array",
              "value": [
                {
                  "id": "[resourceId('Microsoft.Network/networkInterfaces', parameters('source').name)]",
                  "properties": {
                    "primary": "[parameters('source').primary]"
                  }
                }
              ]
            }
          }
        }
      }
    }
  ],
  "outputs": {
    "collection": {
      "type": "array",
      "value": "[concat(parameters('state'), reference(variables('deploymentName')).outputs.instance.value)]"
    }
  }
}
