﻿{
  "$schema": "http://schema.management.azure.com/schemas/2015-01-01/deploymentTemplate.json#",
  "contentVersion": "1.0.0.0",
  "parameters": {
    "deploymentContext": { "type": "object" },
    "source": { "type": "object" },
    "context": { "type": "object" },
    "state": {
      "type": "array",
      "defaultValue": [ ]
    },
    "iteration": {
      "type": "int",
      "defaultValue": 0
    }
  },
  "variables": {
    "templateUniqueString": "[uniqueString(concat(string(parameters('deploymentContext')), string(parameters('source')), string(parameters('context')), string(parameters('state')), parameters('iteration')))]",
    "replicatorTemplate": "[uri(deployment().properties.templateLink.uri, '../../common/replicator.json')]",
    "collectorTemplate": "[uri(deployment().properties.templateLink.uri, '../../common/collector.json')]",
    "storageAccountContainerName": "vhds",
    "vmName": "[concat(parameters('context').vmNamePrefix, '-vm', add(parameters('context').vmNamePostFixStartIndex, parameters('iteration')))]",
    "computerName": "[concat(parameters('source').computerNamePrefix, add(parameters('context').vmNamePostFixStartIndex, parameters('iteration')))]",
    "osSettingDeploymentName": "[concat(parameters('deploymentContext').parentTemplateUniqueString, '-osSetting-', variables('templateUniqueString'))]",
    "nicSettingDeploymentName": "[concat(parameters('deploymentContext').parentTemplateUniqueString, '-nicSettings-', variables('templateUniqueString'))]",
    "dataDiskSettingDeploymentName": "[concat(parameters('deploymentContext').parentTemplateUniqueString, '-dataDiskSettings-', variables('templateUniqueString'))]",
    "vmSettingDeploymentName": "[concat(parameters('deploymentContext').parentTemplateUniqueString, '-vmSetting-', variables('templateUniqueString'))]",
  },
  "resources": [
    {
      "type": "Microsoft.Resources/deployments",
      "apiVersion": "2015-01-01",
      "name": "[variables('osSettingDeploymentName')]",
      "properties": {
        "mode": "Incremental",
        "templateLink": {
          "uri": "[uri(deployment().properties.templateLink.uri, concat('virtualMachine-configuration-settings-', toLower(parameters('source').osType), '.json'))]"
        },
        "parameters": {
          "deploymentContext": {
            "value": {
              "parentTemplateUniqueString": "[concat(variables('templateUniqueString'), '-osSetting')]"
            }
          },
          "source": {
            "value": "[parameters('source')]"
          }
        }
      }
    },
    {
      "type": "Microsoft.Resources/deployments",
      "apiVersion": "2015-01-01",
      "name": "[variables('nicSettingDeploymentName')]",
      "properties": {
        "mode": "Incremental",
        "templateLink": { "uri": "[variables('collectorTemplate')]" },
        "parameters": {
          "deploymentContext": {
            "value": {
              "parentTemplateUniqueString": "[concat(variables('templateUniqueString'), '-nicSettings')]"
            }
          },
          "source": { "value": "[parameters('source').nics]" },
          "context": {
            "value": {
              "vnetName": "[parameters('context').vnetName]",
              "vnetResourceGroup": "[parameters('context').vnetResourceGroup]",
              "vmName": "[variables('vmName')]",
              "vmIndex": "[add(parameters('iteration'), parameters('context').vmNamePostFixStartIndex)]",
              "vmCount": "[add(parameters('iteration'), parameters('context').deployedVMCount)]"
            }
          },
          "mapperTemplateUri": { "value": "[uri(deployment().properties.templateLink.uri, 'virtualMachines-nics-settings.json')]" }
        }
      }
    },
    {
      "type": "Microsoft.Resources/deployments",
      "apiVersion": "2015-01-01",
      "name": "[variables('dataDiskSettingDeploymentName')]",
      "properties": {
        "mode": "Incremental",
        "templateLink": { "uri": "[variables('replicatorTemplate')]" },
        "parameters": {
          "deploymentContext": {
            "value": {
              "parentTemplateUniqueString": "[concat(variables('templateUniqueString'), '-dataDiskSettings')]"
            }
          },
          "source": { "value": "[parameters('source').dataDisks.properties]" },
          "context": {
            "value": {
              "vnetName": "[parameters('context').vnetName]",
              "storageAccounts": "[parameters('context').storageAccounts]",
              "vmName": "[variables('vmName')]",
              "vmIndex": "[add(parameters('iteration'), parameters('context').vmNamePostFixStartIndex)]"
            }
          },
          "mapperTemplateUri": { "value": "[uri(deployment().properties.templateLink.uri, 'virtualMachine-datadisk.json')]" },
          "copies": { "value": "[parameters('source').dataDisks.count]" }
        }
      }
    },
    {
      "type": "Microsoft.Resources/deployments",
      "apiVersion": "2015-01-01",
      "name": "[variables('vmSettingDeploymentName')]",
      "properties": {
        "mode": "Incremental",
        "template": {
          "$schema": "http://schema.management.azure.com/schemas/2015-01-01/deploymentTemplate.json#",
          "contentVersion": "1.0.0.0",
          "parameters": { },
          "resources": [ ],
          "outputs": {
            "instance": {
              "type": "array",
              "value": [
                {
                  "vmName": "[variables('vmName')]",
                  "computerName": "[variables('computerName')]",
                  "availabilitySetName": "[parameters('context').availabilitySetName]",
                  "size": "[parameters('source').size]",
                  "adminUsername": "[parameters('source').adminUsername]",
                  "adminPassword": "[reference(variables('osSettingDeploymentName')).outputs.result.value.adminPassword]",
                  "osType": "[toLower(parameters('source').osType)]",
                  "[concat(toLower(parameters('source').osType), 'Configuration')]": "[reference(variables('osSettingDeploymentName')).outputs.result.value.configuration]",
                  "nics": "[reference(variables('nicSettingDeploymentName')).outputs.result.value]",
                  "imageReference": {
                    "publisher": "[parameters('source').imageReference.publisher]",
                    "offer": "[parameters('source').imageReference.offer]",
                    "sku": "[parameters('source').imageReference.sku]",
                    "version": "[parameters('source').imageReference.version]"
                  },
                  "osDisk": {
                    "name": "[concat(variables('vmName'), '-os.vhd')]",
                    "vhd": { "uri": "[concat('http://', parameters('context').storageAccounts.vhd, '.blob.core.windows.net/', variables('storageAccountContainerName'), '/', concat(variables('vmName'), '-os.vhd'))]" },
                    "createOption": "FromImage",
                    "caching": "[parameters('source').osDisk.caching]"
                  },
                  "dataDisks": "[reference(variables('dataDiskSettingDeploymentName')).outputs.result.value]",
                  "diagnosticsStorageAccountName": "[parameters('context').storageAccounts.diagnostic]",
                  "diagnosticsStorageUri": "[concat('http://', parameters('context').storageAccounts.diagnostic, '.blob.core.windows.net')]",
                  "extensions": "[parameters('source').extensions]"
                }
              ]
            }
          }
        }
      }
    }
  ],
  "outputs": {
    "collection": {
      "type": "array",
      "value": "[concat(parameters('state'), reference(variables('vmSettingDeploymentName')).outputs.instance.value)]"
    }
  }
}
