﻿{
  "$schema": "http://schema.management.azure.com/schemas/2015-01-01/deploymentTemplate.json#",
  "contentVersion": "1.0.0.0",
  "parameters": {
    "deploymentContext": { "type": "object" },
    "source": { "type": "object" },
    "context": { "type": "object" },
    "state": {
      "type": "array",
      "defaultValue": [ ]
    },
    "iteration": {
      "type": "int",
      "defaultValue": 0
    }
  },
  "variables": {
    "minVMPerGroup": "[div(parameters('context').vmCount, parameters('context').storageAccountsCount)]",
    "vmsToAdjust": "[mod(parameters('context').vmCount, parameters('context').storageAccountsCount)]",
    "vmInIteration": "[add(variables('minVMPerGroup'), div(sub(add(variables('vmsToAdjust'), parameters('context').storageAccountsCount), add(parameters('iteration'), 1)), parameters('context').storageAccountsCount))]",
    "instance": [
      {
        "vmCount": "[variables('vmInIteration')]",
        "index": "[add(parameters('state')[parameters('iteration')].vmCount, parameters('state')[parameters('iteration')].index)]"
      }
    ]

  },
  "resources": [

  ],
  "outputs": {
    "collection": {
      "type": "array",
      "value": "[concat(parameters('state'), variables('instance'))]"
    }
  }
}
