﻿{
  "$schema": "https://schema.management.azure.com/schemas/2015-01-01/deploymentTemplate.json#",
  "contentVersion": "1.0.0.0",
  "parameters": {
    "deploymentContext": {
      "type": "object",
      "defaultValue": {
        "parentTemplateUniqueString": "bbVPN"
      }
    },
    "virtualNetworkSettings": {
      "type": "object"
    },
    "virtualNetworkGatewaySettings": {
      "type": "object"
    },
    "connectionSettings": {
      "type": "object"
    }
  },
  "variables": {
    "templateUniqueString": "[uniqueString(concat(string(parameters('deploymentContext')), string(parameters('virtualNetworkSettings')), string(parameters('virtualNetworkGatewaySettings')), string(parameters('connectionSettings'))))]",
    "virtualNetworkGatewayTemplate": "[uri(deployment().properties.templateLink.uri, '../../resources/Microsoft.Network/virtualNetworkGateways/virtualNetworkGateway.json')]",
    "connectionTemplate": "[uri(deployment().properties.templateLink.uri, '../../resources/Microsoft.Network/connections/connection.json')]",
    "connectionDeploymentName": "[concat(parameters('deploymentContext').parentTemplateUniqueString, '-deployConn-', variables('templateUniqueString'))]",
    "virtualNetworkGatewayDeploymentName": "[concat(parameters('deploymentContext').parentTemplateUniqueString, '-deployGW-', variables('templateUniqueString'))]"
  },
  "resources": [
    {
      "type": "Microsoft.Resources/deployments",
      "apiVersion": "2015-01-01",
      "name": "[variables('virtualNetworkGatewayDeploymentName')]",
      "properties": {
        "mode": "Incremental",
        "templateLink": {
          "uri": "[variables('virtualNetworkGatewayTemplate')]"
        },
        "parameters": {
          "deploymentContext": {
            "value": {
              "parentTemplateUniqueString": "[concat(variables('templateUniqueString'), '-deployGW')]"
            }
          },
          "virtualNetworkSettings": {
            "value": "[parameters('virtualNetworkSettings')]"
          },
          "virtualNetworkGatewaySettings": {
            "value": "[parameters('virtualNetworkGatewaySettings')]"
          }
        }
      }
    },
    {
      "type": "Microsoft.Resources/deployments",
      "apiVersion": "2015-01-01",
      "name": "[variables('connectionDeploymentName')]",
      "properties": {
        "mode": "Incremental",
        "templateLink": {
          "uri": "[variables('connectionTemplate')]"
        },
        "parameters": {
          "deploymentContext": {
            "value": {
              "parentTemplateUniqueString": "[concat(variables('templateUniqueString'), '-deployConn')]"
            }
          },
          "connectionSettings": {
            "value": "[parameters('connectionSettings')]"
          }
        }
      },
      "dependsOn": [
        "[variables('virtualNetworkGatewayDeploymentName')]"
      ]
    }
  ],
  "outputs": {
    "resources": {
      "type": "array",
      "value": "[concat(reference(variables('virtualNetworkGatewayDeploymentName')).outputResources, reference(variables('connectionDeploymentName')).outputResources)]"
    }
  }
}
