﻿{
  "$schema": "http://schema.management.azure.com/schemas/2015-01-01/deploymentTemplate.json#",
  "contentVersion": "1.0.0.0",
  "parameters": {
    "deploymentContext": { "type": "object" },
    "source": { "type": "array" },
    "context": { "type": "object" },
    "mapperTemplateUri": { "type": "string" },
    "state": {
      "type": "array",
      "defaultValue": [ ]
    }
  },
  "variables": {
  },
  "resources": [

  ],
  "outputs": {
    "result": {
      "type": "array",
      "value": "[parameters('state')]"
    }
  }
}
