﻿{
  "$schema": "http://schema.management.azure.com/schemas/2015-01-01/deploymentTemplate.json#",
  "contentVersion": "1.0.0.0",
  "parameters": {
    "deploymentContext": { "type": "object" },
    "source": { "type": "array" },
    "context": { "type": "object" },
    "mapperTemplateUri": { "type": "string" },
    "state": {
      "type": "array",
      "defaultValue": [ ]
    }
  },
  "variables": {
    "templateUniqueString": "[uniqueString(concat(string(parameters('deploymentContext')), string(parameters('source')), string(parameters('context')), parameters('mapperTemplateUri'), string(parameters('state'))))]",
    "collectorTemplates": [
      "[uri(deployment().properties.templateLink.uri, 'collector-nop.json')]",
      "[uri(deployment().properties.templateLink.uri, 'collector-internal.json')]"
    ],
    "templateToInvoke": "[variables('collectorTemplates')[mod(add(variables('count'), 2), add(variables('count'), 1))]]",
    "count": "[length(parameters('source'))]",
    "deploymentName": "[concat(parameters('deploymentContext').parentTemplateUniqueString, '-collector-', variables('templateUniqueString'))]"
  },
  "resources": [
    {
      "type": "Microsoft.Resources/deployments",
      "apiVersion": "2015-01-01",
      "name": "[variables('deploymentName')]",
      "properties": {
        "mode": "Incremental",
        "templateLink": { "uri": "[variables('templateToInvoke')]" },
        "parameters": {
          "deploymentContext": {
            "value": {
              "parentTemplateUniqueString": "[concat(variables('templateUniqueString') , '-collector')]"
            }
          },
          "source": { "value": "[parameters('source')]" },
          "context": { "value": "[parameters('context')]" },
          "mapperTemplateUri": { "value": "[parameters('mapperTemplateUri')]" },
          "state": { "value": "[parameters('state')]" }
        }
      }
    }
  ],
  "outputs": {
    "result": {
      "type": "array",
      "value": "[reference(variables('deploymentName')).outputs.result.value]"
    }
  }
}
