﻿{
  "$schema": "http://schema.management.azure.com/schemas/2015-01-01/deploymentTemplate.json#",
  "contentVersion": "1.0.0.0",
  "parameters": {
    "deploymentContext": {
      "type": "object",
      "defaultValue": {
        "parentTemplateUniqueString": "ref"
      }
    },
    "subscription": {
      "type": "string"
    },
    "resourceGroup": {
      "type": "string"
    },
    "resourceType": {
      "type": "string"
    },
    "resourceName1": {
      "type": "string"
    },
    "resourceName2": {
      "type": "string",
      "defaultValue": ""
    }
  },
  "variables": {
    "splitResourceType": "[split(parameters('resourceType'), '/')]",
    "provider": "[variables('splitResourceType')[0]]",
    "resourceType": "[variables('splitResourceType')[1]]"
  },
  "resources": [
  ],
  "outputs": {
    "reference": {
      "type": "object",
      "value": {
        "name": "[parameters('resourceName1')]",
        "properties": "[reference(resourceId(parameters('subscription'), parameters('resourceGroup'), parameters('resourceType'), parameters('resourceName1')), providers(variables('provider'), variables('resourceType')).apiVersions[0])]"
      }
    }
  }
}
