﻿{
  "$schema": "http://schema.management.azure.com/schemas/2015-01-01/deploymentTemplate.json#",
  "contentVersion": "1.0.0.0",
  "parameters": {
    "source": {
      "type": "object"
    },
    "context": {
      "type": "object"
    },
    "state": {
      "type": "array",
      "defaultValue": [ ]
    },
    "iteration": {
      "type": "int",
      "defaultValue": 0
    }
  },
  "variables": {
    "instance": [
      {
        "name": "[parameters('source').name]",
        "properties": {
          "addressPrefix": "[parameters('source').addressPrefix]",
          "nextHopType": "[parameters('source').nextHopType]"
        }
      }
    ]
  },
  "resources": [
  ],
  "outputs": {
    "collection": {
      "type": "array",
      "value": "[variables('instance')]"
    }
  }
}
