﻿{
  "$schema": "http://schema.management.azure.com/schemas/2015-01-01/deploymentTemplate.json#",
  "contentVersion": "1.0.0.0",
  "parameters": {
    "deploymentContext": {
      "type": "object"
    },
    "expressRouteCircuitSettings": {
      "type": "object"
    }
  },
  "variables": {
  },
  "resources": [
    {
      "type": "Microsoft.Network/expressRouteCircuits",
      "apiVersion": "2016-03-30",
      "name": "[parameters('expressRouteCircuitSettings').name]",
      "location": "[resourceGroup().location]",
      "sku": {
        "name": "[concat(parameters('expressRouteCircuitSettings').skuTier, '_', parameters('expressRouteCircuitSettings').skuFamily)]",
        "tier": "[parameters('expressRouteCircuitSettings').skuTier]",
        "family": "[parameters('expressRouteCircuitSettings').skuFamily]"
      },
      "properties": {
        "serviceProviderProperties": {
          "serviceProviderName": "[parameters('expressRouteCircuitSettings').serviceProviderName]",
          "peeringLocation": "[parameters('expressRouteCircuitSettings').peeringLocation]",
          "bandwidthInMbps": "[parameters('expressRouteCircuitSettings').bandwidthInMbps]"
        },
        "allowClassicOperations": "[parameters('expressRouteCircuitSettings').allowClassicOperations]"
      }
    }
  ],
  "outputs": {
  }
}