﻿{
  "$schema": "http://schema.management.azure.com/schemas/2015-01-01/deploymentTemplate.json#",
  "contentVersion": "1.0.0.0",
  "parameters": {
    "deploymentContext": { "type": "object" },
    "name": { "type": "string" },
    "domainNameLabel": {
      "type": "string",
      "defaultValue": ""
    },
    "publicIPAllocationMethod": { "type": "string" },
    "vmIndex": { "type": "int", "defaultValue": 0 }
  },
  "variables": {
    "templateUniqueString": "[uniqueString(concat(string(parameters('deploymentContext')), parameters('name'), parameters('domainNameLabel')))]",

    "pipTemplateFiles": [
      "[uri(deployment().properties.templateLink.uri, 'publicIPAddress-empty-dns-label.json')]",
      "[uri(deployment().properties.templateLink.uri, 'publicIPAddress-dns-label.json')]"
    ],

    "templateToInvoke": "[variables('pipTemplateFiles')[mod(add(length(parameters('domainNameLabel')), 2), add(length(parameters('domainNameLabel')), 1))]]",
    "deploymentName": "[concat(parameters('deploymentContext').parentTemplateUniqueString, '-deployPIP-', variables('templateUniqueString'))]"
  },
  "resources": [
    {
      "type": "Microsoft.Resources/deployments",
      "apiVersion": "2015-01-01",
      "name": "[variables('deploymentName')]",
      "properties": {
        "mode": "Incremental",
        "templateLink": { "uri": "[variables('templateToInvoke')]" },
        "parameters": {
          "deploymentContext": {
            "value": {
              "parentTemplateUniqueString": "[concat(variables('templateUniqueString') , '-deployPIP')]"
            }
          },
          "name": { "value": "[parameters('name')]" },
          "publicIPAllocationMethod": { "value": "[parameters('publicIPAllocationMethod')]" },
          "domainNameLabel": { "value": "[concat(parameters('domainNameLabel'), parameters('vmIndex'))]" }
        }
      }
    }
  ],
  "outputs": {
    "id": {
      "type": "string",
      "value": "[resourceId('Microsoft.Network/publicIPAddresses', parameters('name'))]"
    }
  }
}
